Codigo,Calle,Latitudes,Longitudes,CODIGO ESRI,Name,Nombre,SIgla,ProPIedad,DAP,Altura,Radio,Estado,PODA,TratamIento,PRIORIDAD TRATAMIENTO,TAZA,FísIco,Hongos,Insectos,VIrus/BacterIa,OBSERVACIONES,N° REBROTES,
005AP01,Adm. PonIente,-33.41665799729526,-70.647882996127009,,CIruelo rojo,Prunus cerasIfera,Ps c,CG tasa,15,4,2,Regular,ALTURA,MANTENCION,4,SI,Daño físIco,,,Tumor,,1,
005AP02,Adm. PonIente,-33.416737038642168,-70.647617960348725,,CIruelo rojo,Prunus cerasIfera,Ps c,CG tasa,19,3,1,Regular,FORMACIÓN,MANTENCION,3,SI,,,,,,2,
005AP03,Adm. PonIente,-33.416840974241495,-70.648014005273581,,CIruelo rojo,Prunus cerasIfera,Ps c,CG tasa,13,3,"1,5",Regular,FORMACIÓN,MANTENCION,3,SI,,,,Tumor,,3,
005AP04,Adm. PonIente,-33.416689010336995,-70.647858018055558,,CIruelo rojo,Prunus cerasIfera,Ps c,CG tasa,11,"2,5","0,5",Regular,NO APLICA,MANTENCION,4,SI,Daño físIco,,,,,4,
005AP05,Adm. PonIente,-33.417030991986394,-70.647737989202142,,CIruelo rojo,Prunus cerasIfera,Ps c,CG tasa,11,"2,2","1,5",Regular,NO APLICA,MANTENCION,4,SI,Daño físIco,,,,,5,
005AI06,Adm. PonIente,-33.416632013395429,-70.648039989173412,,Palmera canarIa,PohenIx canarIensIs,Ph c,SePultura,50,"0,5","0,5",Malo,NO APLICA,EXTRACCION,1,NO,,,,,,6,
005AI07,Adm. PonIente,-33.417039960622787,-70.647816024720669,,CIruelo verde,Prunus sPP.,Ps v,SePultura,3,"2,5","0,5",Bueno,NO APLICA,MANTENCION,4,NO,,,,,,7,
005AI08,Adm. PonIente,-33.417054964229465,-70.64788400195539,,CIruelo verde,Prunus sPP.,Ps v,SePultura,6,"3,5",1,Bueno,NO APLICA,MANTENCION,4,NO,,,,,,8,
005AI09,Adm. PonIente,-33.41700098477304,-70.647951979190111,,Palmera canarIa,PohenIx canarIensIs,Ph c,SePultura,50,"0,5",2,Bueno,NO APLICA,CORTA,4,NO,,,,,,9,
005AI10,Adm. PonIente,-33.416964020580053,-70.648063961416483,,CassuarIna,CassuarIna angustIfolIa,Ca a,SePultura,44,8,4,Regular,ALTURA,MANTENCION,4,NO,,,,,,10,
005AP11,ValdIvIeso,-33.416985981166363,-70.647997995838523,,MelIa,MelIa azedarach,Me a,CG tasa,25,6,"3,5",Bueno,FORMACIÓN,MANTENCION,3,SI,,,,,,11,
005AP12,ValdIvIeso,-33.416790012270212,-70.648132022470236,,Palmera canarIa,PohenIx canarIensIs,Ph c,CG tasa,20,"0,2","0,5",Bueno,NO APLICA,EXTRACCION,1,SI,,,,,,12,
004AI33,SazIe,-33.416748018935323,-70.648148031905293,,Laurel,Laurus nobIlIs,La n,SePultura,2,3,"0,5",Bueno,PODA,ALTURA,3,NO,,,,,,13,3
005AP14,SazIe,-33.416676018387079,-70.64777503721416,CV2619,Alamo ,PoPulus deltoIde,P d,CG tasa,35,,,Malo,ALTURA,CORTA,1,SI,,,,,,14,
005RI15,SazIe,-33.416710970923305,-70.647717034444213,,AIlantus,AIlanthus altIssIma,A a,SePultura,3,"2,5","0,5",Bueno,ALTURA,HERBICIDA,1,NO,,,,,,15,
005RI16,SazIe,-33.416944993659854,-70.647611003369093,,AIlantus,AIlanthus altIssIma,A a,SePultura,3,"2,5","0,5",Bueno,ALTURA,HERBICIDA,1,NO,,,,,,16,
005RI17,SazIe,-33.416754975914955,-70.647925995290279,,AIlantus,AIlanthus altIssIma,A a,SePultura,3,"2,5","0,5",Bueno,ALTURA,HERBICIDA,1,NO,,,,,,17,
005RI18,SazIe,-33.416954968124628,-70.648164041340351,,AIlantus,AIlanthus altIssIma,A a,SePultura,3,"2,5","0,5",Bueno,ALTURA,HERBICIDA,1,NO,,,,,,18,
005RI19,SazIe,-33.416691021993756,-70.647625001147389,,AIlantus,AIlanthus altIssIma,A a,SePultura,3,"2,5","0,5",Bueno,ALTURA,HERBICIDA,1,NO,,,,,,19,
005RI20,SazIe,-33.416779031977057,-70.647577978670597,,AIlantus,AIlanthus altIssIma,A a,SePultura,3,"2,5","0,5",Bueno,ALTURA,HERBICIDA,1,NO,,,,,,20,
005RI21,SazIe,,,,AIlantus,AIlanthus altIssIma,A a,SePultura,3,"2,5","0,5",Bueno,ALTURA,HERBICIDA,1,NO,,,,,,21,
005RI22,SazIe,,,,AIlantus,AIlanthus altIssIma,A a,SePultura,3,"2,5","0,5",Bueno,ALTURA,HERBICIDA,1,NO,,,,,,22,
005AP23,ValdIvIeso,,,,Palmera canarIa,PohenIx canarIensIs,Ph c,CG tasa,20,"0,2",1,Bueno,NO APLICA,EXTRACCION,1,SI,,,,,,23,
005AP24,ValdIvIeso,,,,MelIa,MelIa azedarach,Me a,CG tasa,30,7,3,Bueno,ALTURA,MANTENCION,4,SI,,,,,,24,
005AI25,ValdIvIeso,,,,CassuarIna,CassuarIna angustIfolIa,Ca a,CEM,47,12,2,Bueno,FORMACIÓN,MANTENCION,3,NO,,,,,,25,
005AI26,ValdIvIeso,,,,tocon,,,,0,0,0,Malo,NO APLICA,EXTRACCION,3,NO,,,,,,26,
005AI27,ValdIvIeso,,,,Naranjo,CItrus x sInensIs,C x s,CEM,10,3,"1,5",Regular,FORMACIÓN,EXTRACCION,3,NO,,,,,,27,
005AI28,ValdIvIeso,,,,LImon,CItrus x lImon,C x l,CEM,3,"1,7",1,Regular,FORMACIÓN,EXTRACCION,3,NO,,,,,,28,
005AI29,ValdIvIeso,,,,CassuarIna,CassuarIna angustIfolIa,Ca a,CEM,32,8,"2,5",Regular,ALTURA,MANTENCION,4,NO,,,,,,29,
005AP30,ValdIvIeso,,,,MelIa,MelIa azedarach,Me a,CG tasa,34,"4,3","1,5",Bueno,NO APLICA,MANTENCION,4,SI,,,,,,30,
005AP31,ValdIvIeso,,,,EsPIno,AcacIa caven,A c,CG tasa,5,"1,7",1,Bueno,FORMACIÓN,MANTENCION,3,SI,,,,,,31,
005AP32,ValdIvIeso,,,,MelIa,MelIa azedarach,Me a,CG tasa,23,6,3,Bueno,ALTURA,MANTENCION,4,SI,,,,,,32,
005AP33,ValdIvIeso,,,,MelIa,MelIa azedarach,Me a,CG tasa,36,6,"3,5",Bueno,ALTURA,MANTENCION,4,SI,,,,,,33,
005AP34,ValdIvIeso,,,,Palmera canarIa,PohenIx canarIensIs,Ph c,CG tasa,20,"0,2","0,5",Bueno,NO APLICA,EXTRACCION,1,SI,,,,,,34,
005AP35,ValdIvIeso,,,,Palmera canarIa,PohenIx canarIensIs,Ph c,CG tasa,20,"0,2","0,5",Bueno,NO APLICA,EXTRACCION,1,SI,,,,,,35,
005SP36,ValdIvIeso,,,,Taxus,Taxus baccata,Tx b,CG tasa,5,"1,7","1,5",Bueno,FORMACIÓN,MANTENCION,3,SI,,,,,,36,
005RI37,ValdIvIeso,,,,CeltIs,CeltIs australIs,Ce a,SePultura,1,2,1,Bueno,NO APLICA,CORTA,1,NO,,,,,,37,
005AI38,ValdIvIeso,,,,CassuarIna,CassuarIna angustIfolIa,Ca a,CEM,57,8,4,Bueno,ALTURA,MANTENCION,4,NO,ElImInar rebrotes,,,,,38,
005RI39,ValdIvIeso,,,,AIlantus,AIlanthus altIssIma,A a,SePultura,1,"1,5","0,5",Bueno,NO APLICA,HERBICIDA,1,NO,,,,,,39,
005AI40,SazIe,,,,Palmera canarIa,PohenIx canarIensIs,Ph c,SePultura,50,"0,5","2,5",Bueno,NO APLICA,CORTA,4,NO,,,,,,40,
005RI41,SazIe,,,,AIlantus,AIlanthus altIssIma,A a,SePultura,3,"2,5","0,5",Bueno,ALTURA,HERBICIDA,1,NO,,,,,,41,
005RI42,SazIe,,,,AIlantus,AIlanthus altIssIma,A a,SePultura,3,"2,5","0,5",Bueno,ALTURA,HERBICIDA,1,NO,,,,,,42,
005RI43,SazIe,,,,AIlantus,AIlanthus altIssIma,A a,SePultura,3,"2,5","0,5",Bueno,ALTURA,HERBICIDA,1,NO,,,,,,43,
005RI44,SazIe,,,,AIlantus,AIlanthus altIssIma,A a,SePultura,3,"2,5","0,5",Bueno,ALTURA,HERBICIDA,1,NO,,,,,,44,
005RI45,SazIe,,,,AIlantus,AIlanthus altIssIma,A a,SePultura,3,"2,5","0,5",Bueno,ALTURA,HERBICIDA,1,NO,,,,,,45,
005AI46,SazIe,,,,CIruelo rojo,Prunus cerasIfera,Ps c,SePultura,8,"2,5","1,5",Regular,FORMACIÓN,CORTA,3,NO,Rebrotes,,,,,46,
005AI47,SazIe,,,,CIruelo rojo,Prunus cerasIfera,Ps c,SePultura,8,"2,5","1,5",Regular,FORMACIÓN,CORTA,3,NO,Rebrotes,,,,,47,
005AI48,SazIe,,,,CIruelo verde,Prunus sPP.,Ps v,SePultura,10,4,2,Regular,FORMACIÓN,MANTENCION,3,NO,Rebrotes,,,,,48,
005AP49,SazIe,346522,6301225,CV2619,Alamo,PoPulus deltoIde,P d,CG tasa,27,5,2,Malo,ALTURA,CORTA,1,SI,,PudrIcIón,,,,49,
005RI50,SazIe,,,,AIlantus,AIlanthus altIssIma,A a,SePultura,2,2,"0,5",Bueno,ALTURA,HERBICIDA,1,NO,,,,,,50,
005RI51,SazIe,,,,AIlantus,AIlanthus altIssIma,A a,SePultura,2,2,"0,5",Bueno,ALTURA,HERBICIDA,1,NO,,,,,,51,
005AI52,SazIe,,,,AIlantus,AIlanthus altIssIma,A a,SePultura,5,"3,5",1,Bueno,ALTURA,HERBICIDA,1,NO,,,,,,52,
005AI53,SazIe,,,,AIlantus,AIlanthus altIssIma,A a,SePultura,5,"3,5",1,Bueno,ALTURA,HERBICIDA,1,NO,,,,,,53,
005AI54,SazIe,,,,AIlantus,AIlanthus altIssIma,A a,SePultura,5,"3,5",1,Bueno,ALTURA,HERBICIDA,1,NO,,,,,,54,
005AI55,SazIe,,,,Palmera canarIa,PohenIx canarIensIs,Ph c,SePultura,50,"0,5",2,Bueno,NO APLICA,EXTRACCION,3,NO,,,,,,55,
005AI56,SazIe,,,,Palqui,PalquI,Te sP,,0,0,0,Regular,FORMACIÓN,MANTENCION,3,NO,,,,,,56,
005AI57,SazIe,,,,Palmera canarIa,PohenIx canarIensIs,Ph c,SePultura,20,"0,5","1,2",Regular,NO APLICA,CORTA,2,NO,,,,,,57,
005AI58,SazIe,,,,Palmera canarIa,PohenIx canarIensIs,Ph c,SePultura,50,1,2,Regular,NO APLICA,CORTA,2,NO,,,,,,58,
005AI59,SazIe,,,,CIruelo rojo,Prunus cerasIfera,Ps c,CEM,10,"2,5",2,Malo,NO APLICA,CORTA,1,NO,,TermItas,,,,59,
005AI60,SazIe,,,,Palmera canarIa,PohenIx canarIensIs,Ph c,CEM,30,"0,4",2,Bueno,FORMACIÓN,MANTENCION,3,NO,,,,,,60,
005RI61,SazIe,,,,AIlantus,AIlanthus altIssIma,A a,SePultura,2,"1,5","0,5",Bueno,NO APLICA,HERBICIDA,1,NO,,,,,,61,
005AI62,SazIe,,,,MaIten,Maytenus boarIa,My b,SePultura,3,"1,7","0,5",Regular,NO APLICA,CORTA,2,NO,Rebrotes,,,,,62,
004RP63,SazIe,,,,AIlantus,AIlanthus altIssIma,A a,SePultura,2,"1,7","0,5",Bueno,NO APLICA,HERBICIDA,1,SI,,,,,,63,
005AP64,SazIe,346515,6301230,CV2621,Alamo,PoPulus deltoIde,P d,CG tasa,38,14,"3,5",Malo,ALTURA,CORTA,1,SI,,PudrIcIón,,,,64,
004AI65,SazIe,,,,AIlantus,AIlanthus altIssIma,A a,SePultura,7,4,"1,7",Bueno,ALTURA,HERBICIDA,1,NO,,,,,,65,
004AI66,SazIe,,,,ARBUSTO,lIgustrIna,A1,CEM,1,1,"0,2",Malo,FORMACIÓN,CORTA,3,NO,,,,,,66,
004AI79,SazIe,,,,CeltIs,CeltIs australIs,Ce a,CEM,20,"4,5",2,Regular,ALTURA,MANTENCION,4,NO,,,,,,67,
004AI80,SazIe,,,,Laurel,Laurus nobIlIs,La n,CEM,6,"3,5",1,Regular,FORMACIÓN,MANTENCION,3,NO,Rebrotes,,Hongos,,,68,
004AI81,SazIe,,,,NIsPero,ErIobotrya jaPonIca,Er j,CEM,6,"1,8","0,5",Regular,FORMACIÓN,MANTENCION,3,NO,,,,,,69,
004RI70,SazIe,,,,AIlantus,AIlanthus altIssIma,A a,,0,,,Malo,NO APLICA,CORTA,1,NO,,,,,,70,
004AI82,SazIe,,,,BugambIlIa,BougaInvIllea,B sP,CEM,20,4,2,Bueno,FORMACIÓN,MANTENCION,3,NO,,,,,,71,
004AI83,SazIe,,,,BugambIlIa,BougaInvIllea,B sP,CEM,20,4,2,Bueno,FORMACIÓN,MANTENCION,3,NO,,,,,,72,
004AI73,SazIe,,,,Palmera canarIa,PohenIx canarIensIs,Ph c,CEM,50,"0,5",2,Bueno,FORMACIÓN,MANTENCION,3,NO,,,,,,73,
004AI88,SazIe,,,,AIlantus,AIlanthus altIssIma,A a,CEM,8,4,"0,2",Bueno,ALTURA,HERBICIDA,1,NO,,,,,,74,
004AI87,SazIe,,,,AIlantus,AIlanthus altIssIma,A a,CEM,20,"4,5",1.5,Bueno,ALTURA,HERBICIDA,1,NO,,,,,,75,
004AI86,SazIe,,,,MaIten,Maytenus boarIa,My b,CEM,20,4,2,Regular,ALTURA,MANTENCION,4,NO,Rebrotes,,,,,76,
004RI77,SazIe,,,,Palqui,PalquI,T sP,CEM,1,"1,5","1,5",Regular,FORMACIÓN,CORTA,3,NO,Rebrotes,,,,,77,
004AI89,SazIe,,,,AIlantus,AIlanthus altIssIma,A a,CEM,10,"4,5",1,Bueno,ALTURA,CORTA,1,NO,,,,,,78,
005AI79,SazIe,,,,Naranjo,CItrus x sInensIs,C x s,CEM,10,3,2,Bueno,FORMACIÓN,MANTENCION,3,NO,,,,,,79,
005AI80,SazIe,,,,Palmera canarIa,PohenIx canarIensIs,Ph c,SePultura,50,"0,6",3,Bueno,NO APLICA,CORTA,4,NO,,,,,,80,
005AI81,SazIe,,,,Palmera canarIa,PohenIx canarIensIs,Ph c,SePultura,50,"0,6",3,Bueno,NO APLICA,CORTA,4,NO,,,,,,81,
005AI82,SazIe,,,,Palmera canarIa,PohenIx canarIensIs,Ph c,CEM,5,"0,5","0,5",Regular,NO APLICA,EXTRACCION,2,NO,,,,,,82,
005AI83,SazIe,,,,Palmera canarIa,PohenIx canarIensIs,Ph c,SePultura,40,"0,4",2,Regular,NO APLICA,CORTA,2,NO,,,,,,83,
005AI84,SazIe,,,,LIgustro,LIgustrum sPP.,L sPP,SePultura,10,"4,5","2,5",Bueno,ALTURA,CORTA,4,NO,,,,,,84,
005AI85,SazIe,,,,LIgustro,LIgustrum sPP.,L sPP,SePultura,10,"3,5",2,Bueno,ALTURA,CORTA,4,NO,,,,,,85,
005AI86,SazIe,,,,WachIntonIa,WashIngtonIa fIlIfera,Wa f,CEM,30,"0,4","0,5",Regular,FORMACIÓN,MANTENCION,3,NO,,,,,,86,
005AI87,ValdIvIeso,,,,CassuarIna,CassuarIna angustIfolIa,Ca a,CEM,43,15,2,Bueno,ALTURA,MANTENCION,4,NO,,,,,,87,
005AI88,Echaurren,,,,MaIten,Maytenus boarIa,My b,SePultura,1,"2,5","0,5",Regular,FORMACIÓN,CORTA,3,NO,Rebrotes,,,,,88,
005AI89,ValdIvIeso,,,,Palmera canarIa,PohenIx canarIensIs,Ph c,CEM,30,"0,3",2,Regular,FORMACIÓN,MANTENCION,3,NO,,,,,,89,
005RI90,ValdIvIeso,,,,AIlantus,AIlanthus altIssIma,A a,CEM,1,"2,5","0,7",Bueno,ALTURA,CORTA,1,NO,,,,,,90,
005AI91,ValdIvIeso,,,,CIPres,CuPressus semPervIrens,Cs sP,SePultura,36,13,"2,5",Bueno,ALTURA,CORTA,4,NO,,,,,,91,
005AP92,ValdIvIeso,,,,MelIa,MelIa azedarach,Me a,CG tasa,31,6,"2,5",Bueno,ALTURA,MANTENCION,4,SI,,,,,,92,
005SP93,ValdIvIeso,,,,Taxus,Taxus baccata,Tx b,CG tasa,5,"1,5","1,2",Bueno,FORMACIÓN,MANTENCION,3,SI,Rebrotes,,,,,93,
005SP94,ValdIvIeso,,,,Taxus,Taxus baccata,Tx b,CG tasa,5,"1,5","1,2",Bueno,FORMACIÓN,MANTENCION,3,SI,,,,,,94,
005AP95,ValdIvIeso,,,,MelIa,MelIa azedarach,Me a,CG tasa,30,6,"3,5",Bueno,ALTURA,MANTENCION,4,SI,,,,,,95,
005AP96,ValdIvIeso,,,,MelIa,MelIa azedarach,Me a,CG tasa,32,5,"3,5",Bueno,ALTURA,MANTENCION,4,SI,,,,,,96,
005SP97,ValdIvIeso,,,,Taxus,Taxus baccata,Tx b,CG tasa,5,"1,5","1,5",Bueno,FORMACIÓN,MANTENCION,3,SI,,,,,,97,
005AP98,ValdIvIeso,,,,MelIa,MelIa azedarach,Me a,CG tasa,39,5,"3,5",Bueno,ALTURA,MANTENCION,4,SI,,,,,,98,
005SP99,ValdIvIeso,,,,Taxus,Taxus baccata,Tx b,CG tasa,5,"1,5","1,5",Bueno,FORMACIÓN,MANTENCION,3,SI,,,,,,99,
005AP100,ValdIvIeso,,,,MelIa,MelIa azedarach,Me a,CG tasa,36,7,4,Bueno,ALTURA,MANTENCION,4,SI,,,,,,100,
005RI101,ValdIvIeso,,,,AIlantus,AIlanthus altIssIma,A a,SePultura,1,"1,5","0,5",Bueno,NO APLICA,HERBICIDA,1,NO,,,,,,101,
005AI102,ValdIvIeso,,,,Palmera canarIa,PohenIx canarIensIs,Ph c,SePultura,30,"0,3","1,5",Regular,FORMACIÓN,CORTA,3,NO,,,,,,102,
005RI103,ValdIvIeso,,,,AIlantus,AIlanthus altIssIma,A a,SePultura,2,2,"0,7",Bueno,ALTURA,HERBICIDA,1,NO,,,,,,103,
005RI104,ValdIvIeso,,,,AIlantus,AIlanthus altIssIma,A a,SePultura,2,2,"0,7",Bueno,ALTURA,HERBICIDA,1,NO,,,,,,104,
005AI105,ValdIvIeso,,,,Palmera canarIa,PohenIx canarIensIs,Ph c,SePultura,10,"0,1","0,5",Regular,NO APLICA,CORTA,2,NO,,,,,,105,
005RI106,ValdIvIeso,,,,AIlantus,AIlanthus altIssIma,A a,SePultura,3,"3,5",1,Bueno,ALTURA,HERBICIDA,1,NO,,,,,,106,
005AI107,ValdIvIeso,,,,BrachIchItum,BrachychIton PoPulneus,Ba PP,SePultura,5,"4,5","0,6",Bueno,NO APLICA,EXTRACCION,3,NO,,,,,,107,
005RI108,ValdIvIeso,,,,Rosa,Rosa sPP.,R sP,SePultura,2,2,2,Bueno,FORMACIÓN,MANTENCION,3,NO,Arbusto,,,,,108,
005AI109,ValdIvIeso,,,,CIruelo rojo,Prunus cerasIfera,Ps c,SePultura,20,5,"3,5",Bueno,FORMACIÓN,CORTA,4,NO,,,,,,109,
005AI110,ValdIvIeso,,,,CIruelo rojo,Prunus cerasIfera,Ps c,SePultura,4,2,"1,5",Regular,FORMACIÓN,CORTA,3,NO,,,,,,110,
005AI111,ValdIvIeso,,,,CIruelo rojo,Prunus cerasIfera,Ps c,SePultura,5,3,"1,5",Bueno,FORMACIÓN,CORTA,4,NO,Rebrotes,,,,,111,
005AI112,SazIe,,,,CIPres,CuPressus semPervIrens,Cs sP,CG tasa,33,10,2,Bueno,ALTURA,MANTENCION,4,SI,,,,,,112,
005AI113,SazIe,,,,Palmera canarIa,PohenIx canarIensIs,Ph c,SePultura,70,"0,7",3,Regular,NO APLICA,CORTA,2,NO,,,,,,113,
005AI114,SazIe,,,,AIlantus,AIlanthus altIssIma,A a,SePultura,64,10,"4,5",Malo,ALTURA,CORTA,1,NO,,,,,,114,
005AP115,SazIe,346526,6301248,CV347,Alamo,PoPulus deltoIde,P d,CG tasa,24,"4,5",0,Malo,ALTURA,CORTA,1,SI,,,,,,115,
005AI116,SazIe,,,,CIPres,CuPressus semPervIrens,Cs sP,CG tasa,33,6,"1,5",Regular,ALTURA,MANTENCION,4,SI,,,PudrIcIón,,,116,
005AI117,SazIe,,,,AIlantus,AIlanthus altIssIma,A a,,15,,,Malo,NO APLICA,CORTA,1,NO,,,,,,117,
005AI118,SazIe,,,,CIruelo verde,Prunus sPP.,Ps v,SePultura,5,"2,5","1,5",Regular,ALTURA,CORTA,1,NO,,,,,,118,
005AI119,SazIe,,,,Morera,Morus sPP.,M sP,SePultura,30,"4,2",4,Regular,ALTURA,CORTA,1,NO,Enredadera,,,,,119,
005AI120,SazIe,,,,LIgustro,LIgustrum sPP.,L sPP,SePultura,1,"1,2","0,3",Bueno,NO APLICA,EXTRACCION,1,NO,,,,,,120,
005AI121,SazIe,,,,AIlantus,AIlanthus altIssIma,A a,CEM,64,12,3,Malo,ALTURA,CORTA,1,NO,Callo PudrIcIón central,,,,,121,
005AI122,SazIe,,,,MaIten,Maytenus boarIa,My b,SePultura,10,"3,2",1,Bueno,NO APLICA,CORTA,4,NO,,,,,,122,
005AI123,SazIe,,,,MaIten,Maytenus boarIa,My b,SePultura,1,"1,7","0,3",Regular,FORMACIÓN,CORTA,3,NO,Rebrotes,,,,,123,
005AP124,SazIe,346530,6301269,CV967,Alamo,PoPulus deltoIde,P d,CG tasa,25,3,"0,5",Malo,ALTURA,CORTA,1,SI,,,PudrIcIón,,,124,
004AP125,SazIe,346522,6301270,CV3045,Alamo,PoPulus deltoIde,P d,,25,,,,,CORTA,1,SI,,,,,,125,
004AI126,SazIe,,,,AIlantus,AIlanthus altIssIma,A a,SePultura,5,3,1,Regular,ALTURA,HERBICIDA,1,NO,,,,,,126,
004AI127,SazIe,,,,AIlantus,AIlanthus altIssIma,A a,SePultura,5,3,1,Regular,ALTURA,HERBICIDA,1,NO,,,,,,127,
004RI128,SazIe,,,,AIlantus,AIlanthus altIssIma,A a,SePultura,1,"0,5","0,5",Regular,ALTURA,HERBICIDA,1,NO,Rebrotes,,,,,128,
004RI129,SazIe,,,,AIlantus,AIlanthus altIssIma,A a,SePultura,1,"0,5","0,5",Regular,ALTURA,HERBICIDA,1,NO,,,,,,129,
004RI130,SazIe,,,,AIlantus,AIlanthus altIssIma,A a,SePultura,2,3,1,Regular,ALTURA,HERBICIDA,1,NO,Rebrotes,,,,,130,
005AI131,ValdIvIeso,,,,CassuarIna,CassuarIna angustIfolIa,Ca a,SePultura,20,8,"1,5",Regular,ALTURA,CORTA,3,NO,,,,,,131,
004RI132,SazIe,,,,AIlantus,AIlanthus altIssIma,A a,SePultura,2,3,1,Bueno,ALTURA,HERBICIDA,1,NO,,,,,,132,
004AI133,SazIe,,,,AIlantus,AIlanthus altIssIma,A a,SePultura,48,8,4,Malo,ALTURA,CORTA,1,NO,,,,,,133,
004AI134,SazIe,,,,AIlantus,AIlanthus altIssIma,A a,SePultura,10,6,"2,5",Bueno,ALTURA,HERBICIDA,1,NO,,,,,,134,
005RI135,Echaurren,,,,AIlantus,AIlanthus altIssIma,A a,SePultura,1,3,"0,8",Bueno,ALTURA,HERBICIDA,1,NO,Rebrotes,,,,,135,
005AI136,Echaurren,,,,Palmera canarIa,PohenIx canarIensIs,Ph c,SePultura,50,"0,6",3,Regular,NO APLICA,CORTA,3,NO,,,,,,136,
005AP137,Echaurren,,,,CIPres,CuPressus semPervIrens,Cs sP,CG tasa,43,15,2,Bueno,ALTURA,MANTENCION,4,SI,,,,,,137,
005AI138,Echaurren,,,,LIgustro,LIgustrum sPP.,L sPP,CEM,20,"4,5","1,5",Regular,FORMACIÓN,MANTENCION,3,NO,,,,,,138,
005AP139,Echaurren,,,,CIPres,CuPressus semPervIrens,Cs sP,CG tasa,70,15,"2,5",Bueno,ALTURA,MANTENCION,4,SI,,,,,,139,
005AI140,Echaurren,,,,Palmera canarIa,PohenIx canarIensIs,Ph c,CEM,20,"0,2","0,5",Regular,NO APLICA,EXTRACCION,1,NO,,,,,,140,
005AP141,Echaurren,,,,Palmera canarIa,PohenIx canarIensIs,Ph c,CEM,10,10,"0,3",Regular,NO APLICA,EXTRACCION,1,SI,,,,,,141,
005AP142,Echaurren,346563,6301272,CV887,Alamo,PoPulus deltoIde,P d,CG tasa,48,15,4,Bueno,ALTURA,MANTENCION,4,SI,,,,,,142,
005AI143,Echaurren,,,,Palmera canarIa,PohenIx canarIensIs,Ph c,SePultura,50,"0,5",3,Regular,NO APLICA,CORTA,1,NO,,,,,,143,
005RI144,Echaurren,,,,AIlantus,AIlanthus altIssIma,A a,SePultura,1,"2,5","0,7",Bueno,ALTURA,HERBICIDA,1,NO,Rebrotes,,,,,144,
005RI145,Echaurren,,,,AIlantus,AIlanthus altIssIma,A a,SePultura,1,"2,5","0,7",Bueno,ALTURA,HERBICIDA,1,NO,Rebrotes,,,,,145,
005RI146,Echaurren,,,,AIlantus,AIlanthus altIssIma,A a,SePultura,1,"2,5","0,7",Bueno,ALTURA,HERBICIDA,1,NO,,,,,,146,
005AP147,Echaurren,,,,CIPres,CuPressus semPervIrens,Cs sP,CG tasa,48,16,"2,5",Bueno,ALTURA,MANTENCION,4,SI,,,,,,147,
005RI148,Echaurren,,,,AIlantus,AIlanthus altIssIma,A a,SePultura,1,"1,7","0,5",Bueno,ALTURA,HERBICIDA,1,NO,,,,,,148,
005RI149,Echaurren,,,,Aloe,Aloe arborescens,A sP,SePultura,5,2,2,Bueno,FORMACIÓN,MANTENCION,3,NO,Rebrotes,,,,,149,
005AP150,SazIe,,,,AIlantus,AIlanthus altIssIma,A a,CEM,64,10,3,Malo,ALTURA,CORTA,1,SI,,,Callo PudrIcIón central,,,150,
005AP151,Echaurren,346531,6301276,CV2617,Alamo,PoPulus deltoIde,P d,CG tasa,48,5,2,Regular,ALTURA,MANTENCION,4,SI,,,,,,151,
004AP09,SazIe,,,,CIruelo rojo,Prunus cerasIfera,Ps c,CEM,27,"4,5",2,Regular,FORMACIÓN,MANTENCION,3,NO,,,,,,152,
004AP153,SazIe,,,,LIquIdambar,LIquIdambar styracIflua,Lq s,CEM,1,"1,5","0,1",Regular,FORMACIÓN,MANTENCION,3,NO,,,,,,153,
031AP01,HERMANAS,,,,Palmera canarIa,,,SePultura,,,,Bueno,ALTURA,MANTENCION,4,SI,,,,,,,
031AP02,HERMANAS,,,,Palmera canarIa,,,SePultura,,,,Bueno,ALTURA,MANTENCION,4,SI,,,,,,,
031RP03,HERMANAS,,,,CeltIs,,,SePultura,,,,Malo,NO APLICA,CORTA,1,SI,,,,,HERBICIDA,,
031RP04,HERMANAS,,,,CeltIs,,,SePultura,,,,Malo,NO APLICA,CORTA,1,SI,,,,,,,
031AP05,HERMANAS,,,,Palmera canarIa,,,SePultura,,,,Bueno,ALTURA,MANTENCION,4,SI,,,,,,,
031RP06,HERMANAS,,,,CeltIs,,,SePultura,,,,Malo,NO APLICA,CORTA,1,SI,,,,,,,
031AP07,HERMANAS,,,,CeltIs,,,SePultura,,,,Malo,NO APLICA,CORTA,1,SI,,,,,,,
031AP08,HERMANAS,,,,Palmera canarIa,,,SePultura,,,,Bueno,ALTURA,MANTENCION,4,SI,,,,,,,
031AP09,HERMANAS,,,,CeltIs,,,SePultura,,,,Malo,NO APLICA,CORTA,1,SI,,,,,,,
031AP10,HERMANAS,,,,WachIntonIa f,,,SePultura,,,,Bueno,NO APLICA,MANTENCION,4,SI,,,,,,,
031AP11,HERMANAS,,,,WachIntonIa f,,,SePultura,,,,Bueno,NO APLICA,MANTENCION,4,SI,,,,,,,
031AP12,BELISARIO PRAT,,,,Palmera canarIa,,,SePultura,,,,Regular,ALTURA,MANTENCION,4,SI,,,,,,,
031AP13,BELISARIO PRAT,,,,Palmera canarIa,,,SePultura,,,,Bueno,ALTURA,MANTENCION,4,SI,,,,,,,
031AP14,BELISARIO PRAT,,,,Palmera canarIa,,,SePultura,,,,Bueno,ALTURA,MANTENCION,4,SI,,,,,,,
032AP15,BELISARIO PRAT,,,,Taxus,,,SePultura,,,,Bueno,PODA,MANTENCION,2,SI,,,,,,,
032AP16,BELISARIO PRAT,,,,WachIntonIa,,,SePultura,,,,Bueno,ALTURA,MANTENCION,4,SI,,,,,,,
032AP17,BELISARIO PRAT,,,,Taxus,,,SePultura,,,,Bueno,PODA,MANTENCION,2,SI,,,,,,,
032AP18,BELISARIO PRAT,,,,Taxus,,,SePultura,,,,Bueno,PODA,MANTENCION,2,SI,,,,,,,
032AP19,DAVILA,,,,AcacIa jaPonIca,,,CEM,,,,Regular,PODA,MANTENCION,1,SI,,,,,,,
032AP20,DAVILA,,,,AcacIa jaPonIca,,,CEM,,,,Regular,PODA,MANTENCION,1,SI,,,,,,,
032AP21,DAVILA,,,,Taxus,,,SePultura,,,,Bueno,PODA,MANTENCION,2,SI,,,,,,,
032AP22,DAVILA,,,,AcacIa jaPonIca,,,CEM,,,,Regular,PODA,MANTENCION,1,SI,,,,,,,
032AP23,DAVILA,,,,AcacIa jaPonIca,,,CEM,,,,Regular,PODA,MANTENCION,1,SI,,,,,,,
032AP24,DAVILA,,,,AcacIa jaPonIca,,,CEM,,,,Regular,PODA,MANTENCION,1,SI,,,,,,,
032AP25,DAVILA,,,,AcacIa jaPonIca,,,CEM,,,,Regular,PODA,MANTENCION,1,SI,,,,,,,
032AP26,DAVILA,,,,AcacIa jaPonIca,,,CEM,,,,Regular,PODA,MANTENCION,1,SI,,,,,,,
032AP27,VICUÑA,,,,Pata vaca,,,INDETERMINADO,,,,Malo,PODA,CORTA,4,SI,,,,,,,
032AP28,VICUÑA,,,,PItosPoro,,,INDETERMINADO,,,,Regular,PODA,MANTENCION,1,SI,,,,,,,
032AP29,VICUÑA,,,,PItosPoro,,,INDETERMINADO,,,,Regular,PODA,MANTENCION,1,SI,,,,,,,
032AP30,VICUÑA,,,,PItosPoro,,,INDETERMINADO,,,,Regular,PODA,MANTENCION,1,SI,,,,,,,
032AP31,VICUÑA,,,,nogal,,,INDETERMINADO,,,,Malo,NO APLICA,CORTA,3,SI,,,,,,,
032AP32,VICUÑA,,,,Taxus,,,SePultura,,,,Bueno,PODA,MANTENCION,2,SI,,,,,,,
032AP33,VICUÑA,,,,Taxus,,,SePultura,,,,Bueno,PODA,MANTENCION,2,SI,,,,,,,
032AP34,VICUÑA,,,,Taxus,,,SePultura,,,,Bueno,PODA,MANTENCION,2,SI,,,,,,,
032AP35,VICUÑA,,,,Taxus,,,SePultura,,,,Bueno,PODA,MANTENCION,2,SI,,,,,,,
032AP36,VICUÑA,,,,Taxus,,,SePultura,,,,Bueno,PODA,MANTENCION,2,SI,,,,,,,
032AP37,VICUÑA,,,,Taxus,,,SePultura,,,,Bueno,PODA,MANTENCION,2,SI,,,,,,,
032AP38,VICUÑA,,,,Taxus,,,SePultura,,,,Bueno,PODA,MANTENCION,2,SI,,,,,,,
032AP39,VICUÑA,,,,Taxus,,,SePultura,,,,Bueno,PODA,MANTENCION,2,SI,,,,,,,
031AI01,,,,,jacaranda,,,CEM,,,,Bueno,PODA,MANTENCION,2,NO,,,,,,,
031AI02,,,,,jacaranda,,,CEM,,,,Bueno,PODA,MANTENCION,2,NO,,,,,,,
031AI03,,,,,jacaranda,,,CEM,,,,Bueno,PODA,MANTENCION,2,NO,,,,,,,
031AI04,,,,,jacaranda,,,CEM,,,,Bueno,PODA,MANTENCION,2,NO,,,,,,,
031AI05,,,,,jacaranda,,,CEM,,,,Bueno,PODA,MANTENCION,2,NO,,,,,,,
031AI06,,,,,jacaranda,,,CEM,,,,Bueno,PODA,MANTENCION,2,NO,,,,,,,
032AI01,,,,,jacaranda,,,CEM,,,,Bueno,PODA,MANTENCION,2,NO,,,,,,,
032AI02,,,,,jacaranda,,,CEM,,,,Bueno,PODA,MANTENCION,2,NO,,,,,,,
032AI03,,,,,jacaranda,,,CEM,,,,Bueno,PODA,MANTENCION,2,NO,,,,,,,
032AI04,,,,,jacaranda,,,CEM,,,,Bueno,PODA,MANTENCION,2,NO,,,,,,,
032AI05,,,,,jacaranda,,,CEM,,,,Bueno,PODA,MANTENCION,2,NO,,,,,,,
032AI06,,,,,jacaranda,,,CEM,,,,Bueno,PODA,MANTENCION,2,NO,,,,,,,
032AI07,,,,,jacaranda,,,CEM,,,,Bueno,PODA,MANTENCION,2,NO,,,,,,,
032AI08,,,,,jacaranda,,,CEM,,,,Bueno,PODA,MANTENCION,2,NO,,,,,,,
032AI09,,,,,jacaranda,,,CEM,,,,Bueno,PODA,MANTENCION,2,NO,,,,,,,
032AI10,,,,,Palma chIlena,,,SePultura,,,,Bueno,PODA,MANTENCION,2,NO,,,,,,,
032AI11,,,,,Palma chIlena,,,SePultura,,,,Bueno,PODA,MANTENCION,2,NO,,,,,,,
032AI12,,,,,jacaranda,,,CEM,,,,Bueno,PODA,MANTENCION,2,NO,,,,,,,
032AI13,,,,,Enredadera,,,CEM,,,,Bueno,PODA,MANTENCION,2,NO,,,,,,,
032AI14,,,,,jacaranda,,,CEM,,,,Bueno,PODA,MANTENCION,2,NO,,,,,,,
032AI15,,,,,Taxus,,,SePultura,,,,Bueno,PODA,MANTENCION,2,NO,,,,,,,
032AI16,,,,,Taxus,,,SePultura,,,,Bueno,PODA,MANTENCION,2,NO,,,,,,,
032AI17,,,,,jacaranda,,,CEM,,,,Bueno,PODA,MANTENCION,2,NO,,,,,,,
032AI18,,,,,jacaranda,,,CEM,,,,Bueno,PODA,MANTENCION,2,NO,,,,,,,
032AI19,,,,,jacaranda,,,CEM,,,,Bueno,PODA,MANTENCION,2,NO,,,,,,,
032AI20,,,,,jacaranda,,,CEM,,,,Bueno,PODA,MANTENCION,2,NO,,,,,,,
032AI21,,,,,jacaranda,,,CEM,,,,Bueno,PODA,MANTENCION,2,NO,,,,,,,
032AI22,,,,,CIruelo rojo,,,CEM,,,,Regular,PODA,MANTENCION,1,NO,,,,,,,
032AI23,,,,,CIruelo rojo,,,CEM,,,,Regular,PODA,MANTENCION,1,NO,,,,,,,
031AI07,,,,,jacaranda,,,CEM,,,,Bueno,PODA,MANTENCION,2,NO,,,,,,,
031AI08,,,,,jacaranda,,,CEM,,,,Bueno,PODA,MANTENCION,2,NO,,,,,,,
031AI09,,,,,jacaranda,,,CEM,,,,Bueno,PODA,MANTENCION,2,NO,,,,,,,
031AI10,,,,,jacaranda,,,CEM,,,,Bueno,PODA,MANTENCION,2,NO,,,,,,,
031AI11,,,,,Palmera canarIa,,,SePultura,,,,Bueno,PODA,MANTENCION,2,NO,,,,,,,
031RI12,,,,,CeltIs,,,SePultura,,,,Regular,NO APLICA,MANTENCION,3,NO,,,,,,,
014AP03,Echaurren,346536,6301282,CV147,Alamo,PoPulus deltoIde,P d,CEM,,,,Malo,NO APLICA,CORTA,1,SI,,,,,,,
014AP04,Echaurren,346540,6301281,CV148,Alamo,PoPulus deltoIde,P d,CEM,,,,Malo,NO APLICA,CORTA,1,SI,,,,,,,
014AP05,Echaurren,346545,6301280,CV149,Alamo,PoPulus deltoIde,P d,CEM,,,,Malo,NO APLICA,CORTA,1,SI,,,,,,,
014AP06,SazIe,346534,6301284,,Alamo,PoPulus deltoIde,P d,CEM,,,,Malo,NO APLICA,CORTA,1,SI,,,,,,,
018AP01,OrIente ladrIllo,,,,CIruelo rojo,,,CEM,19,"3,5","1,5",Bueno,PODA,MANTENCION,2,SI,,,,,,,
018AP02,OrIente ladrIllo,,,,CIruelo rojo,,,CEM,18,"3,5",1,Bueno,PODA,MANTENCION,2,SI,,,,,,,
018AP03,OrIente ladrIllo,,,,CIruelo rojo,,,CEM,21,"3,5",1,Regular,PODA,MANTENCION,1,SI,,,INSECTOS,,,,
018AP04,OrIente ladrIllo,,,,CIruelo rojo,,,CEM,11,"3,5",1,Regular,PODA,MANTENCION,1,SI,EXUDACIÓN,HONGOS,,,,,
018AP05,OrIente ladrIllo,,,,CIruelo verde,,,CEM,5,3,1,Regular,PODA,CORTA,2,SI,,,,,2 VARAS,,
018AP06,OrIente ladrIllo,,,,CIruelo rojo,,,CEM,10,"3,5","1,5",Regular,PODA,MANTENCION,1,SI,,HONGOS,INSECTOS,,,,
018AP07,HERMANAS,,,,CIruelo verde,,,CEM,11,"3,5",1,Malo,NO APLICA,CORTA,1,NO,,,,,PUDRICIÓN,,
018AP08,HERMANAS,,,,FALSO ACACIO,,,CEM,35,4,2,Regular,PODA,MANTENCION,1,NO,,,,,,,
018AP09,VICUÑA,,,,Palmera canarIa,,,CEM,30,3,"1,5",Bueno,PODA,MANTENCION,2,NO,,,,,,,
018AI10,SUR-ORIENTE,,,,AIlantus,,,CEM,8,4,1,Bueno,NO APLICA,CORTA,1,NO,,,,,SEMLLLERO,,
018AI11,,,,,AIlantus,,,CEM,8,4,1,Bueno,NO APLICA,CORTA,1,NO,,,,,SEMLLLERO,,
018AI12,,,,,AIlantus,,,CEM,5,4,1,Bueno,NO APLICA,CORTA,1,NO,,,,,SEMLLLERO,,
018AI13,,,,,AIlantus,,,CEM,40,6,4,Bueno,PODA,MANTENCION,2,NO,,,INSECTOS,,SEMLLLERO,,
018AI14,,,,,AIlantus,,,CEM,40,6,4,Bueno,PODA,MANTENCION,2,NO,,,INSECTOS,,SEMLLLERO,,
018AI15,,,,,AIlantus,,,CEM,10,5,1,Bueno,NO APLICA,CORTA,1,NO,,,,,,,
018RI16,,,,,AIlantus,,,CEM,2,"1,2","0,5",Bueno,NO APLICA,CORTA,1,NO,,,,,,,
018RI17,,,,,AIlantus,,,CEM,2,"1,2","0,5",Bueno,NO APLICA,CORTA,1,NO,,,,,,,
018RI18,,,,,AIlantus,,,CEM,2,"1,2","0,5",Bueno,NO APLICA,CORTA,1,NO,,,,,,,
018AI19,,,,,AIlantus,,,CEM,5,"4,5",1,Bueno,NO APLICA,CORTA,1,NO,,,,,,,
018AI20,,,,,CeltIs,,,CEM,5,"3,5",1,Bueno,NO APLICA,CORTA,1,NO,,,,,,,
018AI21,,,,,AIlantus,,,CEM,6,4,1,Bueno,NO APLICA,CORTA,1,NO,,,,,,,
018AI22,,,,,AIlantus,,,CEM,15,4,1,Bueno,NO APLICA,CORTA,1,NO,,,,,,,
018AI23,,,,,AIlantus,,,CEM,8,4,1,Bueno,NO APLICA,CORTA,1,NO,,,,,,,
018AI24,,,,,AIlantus,,,CEM,3,2,1,Bueno,NO APLICA,CORTA,1,NO,,,,,,,
018AI25,,,,,AIlantus,,,CEM,3,2,1,Bueno,NO APLICA,CORTA,1,NO,,,,,,,
018AI26,,,,,AIlantus,,,CEM,3,2,1,Bueno,NO APLICA,CORTA,1,NO,,,,,,,
018AI27,,,,,AIlantus,,,CEM,3,2,1,Bueno,NO APLICA,CORTA,1,NO,,,,,,,
018AI28,,,,,AIlantus,,,CEM,4,"3,5",1,Bueno,NO APLICA,CORTA,1,NO,,,,,,,
018AI29,,,,,AIlantus,,,SePultura,8,4,1,Bueno,NO APLICA,CORTA,1,NO,,,,,,,
018AI30,,,,,AIlantus,,,SePultura,10,5,"1,5",Bueno,NO APLICA,CORTA,1,NO,,,,,,,
018AI31,,,,,AIlantus,,,SePultura,6,"3,5","1,5",Bueno,NO APLICA,CORTA,1,NO,,,,,,,
018AI32,,,,,Palmera canarIa,,,SePultura,10,3,"1,5",Regular,NO APLICA,CORTA,3,NO,,,,,,,
018AI33,,,,,Taxus,,,SePultura,10,"2,2","1,5",Regular,PODA,DESPEJE,2,NO,,,,,,,
018AI34,,,,,AIlantus,,,SePultura,4,3,1,Bueno,NO APLICA,CORTA,2,NO,,,,,,,
018AI35,,,,,Palmera canarIa,,,SePultura,60,"3,5","1,5",Bueno,PODA,MANTENCION,2,NO,,,,,,,
018AI36,,,,,FALSO ACACIO,,,INDETERMINADO,32,"5,5",2,Malo,PODA,CORTA,1,NO,,,,,QUINTRALES,,
018AI37,,,,,CeltIs,,,INDETERMINADO,3,"2,5",1,Regular,NO APLICA,CORTA,1,NO,,,,,,,
018AI38,,,,,CeltIs,,,INDETERMINADO,3,2,1,Regular,NO APLICA,CORTA,1,NO,,,,,,,
018AI39,,,,,CeltIs,,,INDETERMINADO,2,"1,5",1,Regular,NO APLICA,CORTA,1,NO,,,,,,,
018AI40,,,,,jacaranda,,,INDETERMINADO,32,"5,5",4,Bueno,PODA,MANTENCION,2,NO,,,,,DESPEJE,,
018AI41,,,,,FALSO ACACIO,,,INDETERMINADO,37,"5,5",0,Malo,NO APLICA,CORTA,1,NO,,,,,,,
018AI42,,,,,CeltIs,,,INDETERMINADO,12,"4,5","1,5",Regular,NO APLICA,CORTA,1,NO,,,,,,,
018AI43,,,,,AIlantus,,,INDETERMINADO,5,4,1,Regular,NO APLICA,CORTA,1,NO,,,,,,,
018AI44,,,,,AIlantus,,,INDETERMINADO,5,4,1,Regular,NO APLICA,CORTA,1,NO,,,,,,,
018AI45,,,,,AIlantus,,,SePultura,35,7,2,Bueno,PODA,CORTA,3,NO,,,,,DAÑO A ESTRUCTURAS,,
018AI46,,,,,AIlantus,,,SePultura,3,"2,5",1,Bueno,NO APLICA,CORTA,1,NO,,,,,,,
018AI47,,,,,CeltIs,,,SePultura,2,2,1,Regular,NO APLICA,CORTA,1,NO,,,,,,,
018AI48,,,,,CeltIs,,,SePultura,2,2,1,Regular,NO APLICA,CORTA,1,NO,,,,,,,
018AI49,,,,,CeltIs,,,SePultura,8,4,"1,2",Regular,NO APLICA,CORTA,1,NO,,,,,,,
018AI50,,,,,FALSO ACACIO,,,SePultura,20,2,0,Malo,NO APLICA,CORTA,1,NO,,,,TUMORES,INJERTOS DE CELTIS ,,
018AI51,,,,,AIlantus,,,SePultura,3,4,1,Regular,NO APLICA,CORTA,1,NO,,,,,,,
018AI52,,,,,FALSO ACACIO,,,SePultura,3,"2,2",1,Bueno,PODA,EXTRACCION,3,NO,,,,,,,
018AI53,,,,,CeltIs,,,SePultura,8,4,1,Bueno,PODA,MANTENCION,2,NO,,,,,,,
018AI54,,,,,FALSO ACACIO,,,SePultura,19,"4,5","1,5",Malo,PODA,CORTA,1,NO,,,,,QUINTRAL,,
018RI55,,,,,CeltIs,,,SePultura,2,3,1,Malo,NO APLICA,CORTA,1,NO,,,,,,,
018RI56,,,,,CeltIs,,,SePultura,2,3,1,Malo,NO APLICA,CORTA,1,NO,,,,,,,
018RI57,,,,,CeltIs,,,SePultura,2,"2,5",1,Malo,NO APLICA,CORTA,1,NO,,,,,,,
018AI58,,,,,CeltIs,,,CEM,16,4,"1,5",Regular,PODA,DESPEJE,1,NO,,,,,ENREDADERA,,
018AI59,,,,,WACHINTONIA ROBUSTA,,,SePultura,11,"5,5",1,Bueno,NO APLICA,DESPEJE,2,NO,,,,,ENREDADERA,,
018AI60,,,,,CeltIs,,,SePultura,24,6,"1,5",Bueno,PODA,DESPEJE,2,NO,,,,,ENREDADERA,,
018AI61,,,,,WACHINTONIA ROBUSTA,,,SePultura,11,"5,5",1,Bueno,NO APLICA,DESPEJE,2,NO,,,,,ENREDADERA,,
018AI62,,,,,BugambIlIa,,,SePultura,20,4,2,Bueno,PODA,DESPEJE,2,NO,,,,,,,
018AI63,,,,,BugambIlIa,,,SePultura,20,4,2,Bueno,PODA,DESPEJE,2,NO,,,,,,,
018AI64,,,,,AIlantus,,,CEM,10,5,"1,5",Bueno,NO APLICA,CORTA,1,NO,,,,,,,
018AI65,,,,,AIlantus,,,CEM,5,5,1,Bueno,NO APLICA,CORTA,1,NO,,,,,,,
018AI66,,,,,AIlantus,,,CEM,5,5,1,Bueno,NO APLICA,CORTA,1,NO,,,,,,,
018AI67,,,,,AIlantus,,,CEM,5,5,1,Bueno,NO APLICA,CORTA,1,NO,,,,,,,
018AI68,,,,,AIlantus,,,CEM,5,5,1,Bueno,NO APLICA,CORTA,1,NO,,,,,,,
018AI69,,,,,AIlantus,,,CEM,5,5,1,Bueno,NO APLICA,CORTA,1,NO,,,,,,,
018AI70,,,,,AIlantus,,,CEM,5,5,1,Bueno,NO APLICA,CORTA,1,NO,,,,,,,
018AI71,,,,,AIlantus,,,CEM,5,5,1,Bueno,NO APLICA,CORTA,1,NO,,,,,,,
018AI72,,,,,AIlantus,,,CEM,5,5,1,Bueno,NO APLICA,CORTA,1,NO,,,,,,,
018AI73,,,,,AIlantus,,,CEM,5,5,1,Bueno,NO APLICA,CORTA,1,NO,,,,,,,
018AI74,,,,,AIlantus,,,CEM,5,5,1,Bueno,NO APLICA,CORTA,1,NO,,,,,,,
018AI75,,,,,AIlantus,,,CEM,5,5,1,Bueno,NO APLICA,CORTA,1,NO,,,,,,,
018AI76,,,,,AIlantus,,,CEM,5,5,1,Bueno,NO APLICA,CORTA,1,NO,,,,,,,
018AI77,,,,,AIlantus,,,CEM,5,5,1,Bueno,NO APLICA,CORTA,1,NO,,,,,,,
018AI78,,,,,AIlantus,,,CEM,5,5,1,Bueno,NO APLICA,CORTA,1,NO,,,,,,,
018AI79,,,,,AIlantus,,,CEM,8,5,1,Bueno,NO APLICA,CORTA,1,NO,,,,,,,
018AI80,,,,,AIlantus,,,CEM,8,5,1,Bueno,NO APLICA,CORTA,1,NO,,,,,,,
018AI81,,,,,AIlantus,,,CEM,8,5,1,Bueno,NO APLICA,CORTA,1,NO,,,,,,,
018AI82,,,,,AIlantus,,,CEM,8,5,1,Bueno,NO APLICA,CORTA,1,NO,,,,,,,
018AI83,,,,,LIgustro,,,SePultura,4,"3,5","1,2",Bueno,PODA,MANTENCION,2,NO,,,,,,,
018AI84,,,,,LIgustro,,,SePultura,11,"3,5","1,2",Bueno,PODA,MANTENCION,2,NO,,,,,,,
018AI85,,,,,AIlantus,,,CEM,3,"3,5",1,Bueno,NO APLICA,CORTA,1,NO,,,,,,,
018AI86,,,,,CIruelo rojo,,,CEM,28,"5,5",2,Malo,NO APLICA,CORTA,1,NO,,,,,QUINTRAL,,
018AI87,,,,,CIruelo rojo,,,CEM,17,"3,5",2,Regular,PODA,CORTA,1,NO,,,,,QUINTRAL,,
152AP01,,,,,NN hacer,,,,,,,Regular,NO APLICA,MANTENCION,3,NO,,,,,,,
150AP01,CEIBOS,,,,ACER,,,CEM,35,5,2,Regular,PODA,CORTA,3,NO,,,INSECTOS,TUMORES,,,
150AP02,CEIBOS,,,,ACER,,,CEM,24,5,"1,5",Bueno,PODA,MANTENCION,2,NO,,,,,,,
150AP03,CEIBOS,,,,ARBUSTO,,,CEM,3,3,1,REGULAR,PODA,MANTENCION,1,NO,,,,AGALLAS,,,
150AP04,CEIBOS,,,,ACER,,,CEM,11,3,"0,5",MALO,PODA,CORTA,2,NO,,,,,,,
150AP05,CEIBOS,,,,LIgustro,,,CEM,19,5,"1,5",Bueno,PODA,MANTENCION,2,NO,,,,,,,
150AP06,CEIBOS,,,,PIMIENTO,,,CEM,4,4,"0,5",BUENO,NO APLICA,EXTRACCION,2,NO,,,,,,,
150AI07,INTERIOR PATIO,,,,ACER,,,CEM,23,4,"1,5",REGULAR,PODA,MANTENCION,1,NO,,,,,,,
150AI08,INTERIOR PATIO,,,,ACER,,,CEM,20,4,"1,5",REGULAR,PODA,MANTENCION,1,NO,,HONGOS,INSECTOS,,,,
150AI09,INTERIOR PATIO,,,,ACER,,,CEM,13,4,"1,5",Regular,PODA,MANTENCION,1,NO,,,,,EXUDACIÓN,,
150AI10,INTERIOR PATIO,,,,ACER,,,CEM,14,4,2,Bueno,PODA,MANTENCION,2,NO,,,,,,,
150AI11,INTERIOR PATIO,,,,ACER,,,CEM,14,4,2,Bueno,PODA,MANTENCION,2,NO,,,,,DOBLE FLECHA,,
150AI12,INTERIOR PATIO,,,,ACER,,,CEM,14,4,2,Bueno,PODA,MANTENCION,2,NO,Rebrotes,,,TUMORES,EXUDACION,,
150AI13,INTERIOR PATIO,,,,ACER,,,CEM,8,4,"1,5",Malo,PODA,CORTA,3,NO,Rebrotes,,,CANCER CORTEZA,,,
150AI14,INTERIOR PATIO,,,,CIruelo rojo,,,CEM,20,4,"0,5",Malo,NO APLICA,CORTA,1,NO,,,,,DESMOCHADO,,
150AI15,INTERIOR PATIO,,,,CIruelo rojo,,,CEM,15,2,0,Malo,NO APLICA,CORTA,1,NO,,,,,DESMOCHADO,,
150AI16,INTERIOR PATIO,,,,PALMAERA CANARIA,,,SePultura,8,"0,5","0,5",Bueno,NO APLICA,EXTRACCION,3,NO,,,,,,,
150AI17,INTERIOR PATIO,,,,ACER,,,SePultura,8,"0,5",0,Malo,NO APLICA,HERBICIDA,1,NO,,,,,,,
167AP01,MEXICO NORTE,,,,FALSO ACACIO,Robina pseudoacacia,R p,CEM,27,6,2,Bueno,PODA,MANTENCION,3,NO,,,,,,,
167AP02,MEXICO NORTE,,,,FALSO ACACIO,Robina pseudoacacia,,CEM,37,6,2,Bueno,PODA,MANTENCION,3,NO,,,,,,,
167AP03,MEXICO NORTE,,,,ACER,Ace negundo,,CEM,15,6,2,Bueno,PODA,MANTENCION,3,NO,,,,,,,
167AP04,MEXICO NORTE,,,,palqui,,,CEM,2,2,"0,2",Bueno,NO APLICA,CORTA,3,NO,,,,,,,
167AP05,MEXICO NORTE,,,,AIlantus,,,CEM,2,2,"0,2",Bueno,NO APLICA,CORTA,3,NO,,,,,,,
167AP06,MEXICO NORTE,,,,FALSO ACACIO,,,CEM,25,6,2,Bueno,PODA,MANTENCION,3,NO,,,,,,,
167AP07,MEXICO NORTE,,,,ACER,,,CEM,19,5,"1,5",Regular,PODA,MANTENCION,2,NO,,,insectos,,,,
167AP08,MEXICO NORTE,,,,FALSO ACACIO,,,CEM,32,6,2,Bueno,PODA,MANTENCION,3,NO,,,,,,,
167AP09,MEXICO NORTE,,,,FALSO ACACIO,,,CEM,27,6,2,Bueno,PODA,MANTENCION,3,NO,,,,,,,
167AP10,MEXICO NORTE,,,,FALSO ACACIO,,,CEM,20,6,1,Malo,NO APLICA,CORTA,1,NO,,,,,,,
167AP11,MEXICO NORTE,,,,FALSO ACACIO,,,CEM,30,6,"1,5",Bueno,PODA,MANTENCION,3,NO,,,,,,,
167AP12,MEXICO NORTE,,,,FALSO ACACIO,,,CEM,29,6,"0,5",Malo,NO APLICA,CORTA,1,NO,,,,,descortezado,,
167AP13,MEXICO NORTE,,,,FALSO ACACIO,,,CEM,47,6,"2,5",Regular,PODA,MANTENCION,3,NO,,,,,,,
167AP14,MEXICO NORTE,,,,FALSO ACACIO,,,CEM,62,7,3,Regular,PODA,MANTENCION,3,NO,,,,,,,
166AP01,MEXICO NORTE,,,,FALSO ACACIO,,,CEM,34,5,"2,5",Bueno,PODA,MANTENCION,3,NO,,,,,,,
166AP02,MEXICO NORTE,,,,AIlantus,,,CEM,33,7,"3,5",Regular,PODA,MANTENCION,1,NO,,,,,desmochar,,
166AP03,MEXICO NORTE,,,,FALSO ACACIO,,,CEM,27,5,2,Bueno,PODA,MANTENCION,3,NO,,,,,,,
166AP04,MEXICO NORTE,,,,AIlantus,,,CEM,24,5,"1,5",Bueno,PODA,MANTENCION,3,NO,,,,,,,
166AP05,MEXICO NORTE,,,,AIlantus,,,CEM,15,5,"1,5",Bueno,PODA,MANTENCION,3,NO,,,,,,,
166AP06,MEXICO NORTE,,,,AIlantus,,,CEM,32,5,"1,5",Bueno,PODA,MANTENCION,3,NO,,,,,,,
166AP07,MEXICO NORTE,,,,AIlantus,,,CEM,20,5,"1,5",Bueno,PODA,MANTENCION,3,NO,,,,,,,
166AP08,MEXICO NORTE,,,,FALSO ACACIO,,,CEM,31,"5,5",2,Bueno,PODA,MANTENCION,3,NO,,,,,,,
166AP09,MEXICO NORTE,,,,FALSO ACACIO,,,CEM,31,6,2,Bueno,PODA,MANTENCION,3,NO,,,,,,,
166AP10,MEXICO NORTE,,,,FALSO ACACIO,,,CEM,32,6,2,Bueno,PODA,MANTENCION,3,NO,,,,,,,
166AP11,MEXICO NORTE,,,,Naranjo,,,CEM,1,1,"0,5",Bueno,PODA,MANTENCION,4,NO,,,,,,,
166AP12,MEXICO NORTE,,,,ACER,,,CEM,22,6,2,Bueno,PODA,MANTENCION,3,NO,,,,,,,
165AP01,MEXICO NORTE,,,,Palmera canarIa,,,CEM,10,1,"0,5",Bueno,PODA,MANTENCION,4,NO,,,,,,,
165AP02,MEXICO NORTE,,,,MaIten,,,CEM,2,"1,5","0,5",Bueno,PODA,FORMACION,5,NO,,,,,,,
165AP03,MEXICO NORTE,,,,MaIten,,,CEM,2,"1,5","0,5",Bueno,PODA,FORMACION,5,NO,,,,,,,
165AP04,MEXICO NORTE,,,,MOLLE,,,CEM,5,2,"0,5",Bueno,PODA,FORMACION,5,NO,,,,,,,
165AP05,MEXICO NORTE,,,,CIruelo rojo,,,CEM,1,"1,5","0,2",Regular,NO APLICA,CORTA,1,NO,,,,,,,
165AP06,MEXICO NORTE,,,,ACER,,,CEM,1,"1,5","0,2",Bueno,NO APLICA,MANTENCION,1,NO,,,,,TUTOR,,
165AP07,MEXICO NORTE,,,,FALSO ACACIO,,,CEM,28,5,2,Bueno,PODA,MANTENCION,3,NO,,,,,,,
165AP08,MEXICO NORTE,,,,CIruelo verde,,,CEM,12,3,1,Regular,PODA,FORMACION,2,NO,,,,,,,
165AP09,MEXICO NORTE,,,,HACER NN,,,CEM,3,2,"0,5",Bueno,PODA,FORMACION,4,NO,,,,,,,
165AP10,MEXICO NORTE,,,,CIruelo rojo,,,CEM,15,2,"1,5",Bueno,PODA,FORMACION,3,NO,,,,,,,
165AP11,MEXICO NORTE,,,,CIruelo rojo,,,CEM,5,"1,8","0,5",Regular,NO APLICA,CORTA,3,NO,,,,,CONTRL DE REBROTES,,
165AP12,MEXICO NORTE,,,,NN CIRUELO,,,CEM,8,"1,8","0,5",Regular,NO APLICA,FORMACION,4,NO,,,,,,,
165AP13,MEXICO NORTE,,,,FALSO ACACIO,,,CEM,37,6,"2,5",Bueno,PODA,MANTENCION,3,NO,,,,,,,
165AP14,MEXICO NORTE,,,,AROMO CHILENO,,,CEM,44,6,"2,5",Regular,PODA,MANTENCION,1,NO,,,,,,,
165AP15,MEXICO NORTE,,,,FALSO ACACIO,,,CEM,35,6,2,Malo,NO APLICA,CORTA,1,NO,,,,,EVALUACION,,
165AP16,MEXICO NORTE,,,,FALSO ACACIO,,,CEM,35,6,2,Bueno,PODA,MANTENCION,3,NO,,,,,,,
165AP17,MEXICO NORTE,,,,FALSO ACACIO,,,CEM,32,6,2,Bueno,PODA,MANTENCION,3,NO,,,,,,,
165AP18,MEXICO NORTE,,,,FALSO ACACIO,,,CEM,49,6,3,Bueno,PODA,MANTENCION,3,NO,,,,,,,
165AP19,MEXICO NORTE,,,,FALSO ACACIO,,,CEM,30,6,2,Bueno,PODA,MANTENCION,3,NO,,,,,,,
164AP01,MEXICO NORTE,,,,ACER,,,CEM,19,5,2,Bueno,PODA,MANTENCION,3,NO,,,,,,,
164AP02,MEXICO NORTE,,,,CIruelo verde,,,CEM,8,3,1,Bueno,PODA,MANTENCION,3,NO,,,,,CONTROL DE REBROTES,,
164AP03,MEXICO NORTE,,,,ACER,,,CEM,25,5,2,Bueno,PODA,MANTENCION,3,NO,,,,,,,
164AP04,MEXICO NORTE,,,,ACER,,,CEM,0,0,0,Malo,PODA,MANTENCION,3,NO,,,,,CONTROL DE REBROTES,,
164AP05,MEXICO NORTE,,,,AIlantus,,,CEM,25,6,2,Regular,NO APLICA,CORTA,3,NO,,,,,,,
164AP06,MEXICO NORTE,,,,LIgustro,,,CEM,8,4,"1,5",Regular,PODA,MANTENCION,3,NO,,,,,,,
164AP07,MEXICO NORTE,,,,AIlantus,,,CEM,8,4,"0,5",Bueno,PODA,MANTENCION,3,NO,,,,,,,
164AP08,MEXICO NORTE,,,,PItosPoro,,,CEM,2,4,"0,5",Bueno,PODA,MANTENCION,3,NO,,,,,,,
164AP09,MEXICO NORTE,,,,FALSO ACACIO,,,CEM,33,5,2,Bueno,PODA,MANTENCION,3,NO,,,,,,,
164AP10,MEXICO NORTE,,,,CIruelo verde,,,CEM,5,3,1,Regular,PODA,MANTENCION,3,NO,,,,,CONTROL DE REBROTES,,
164AP11,MEXICO NORTE,,,,FALSO ACACIO,,,CEM,28,6,2,Malo,NO APLICA,CORTA,1,NO,,,,,EVALUAR ANTES,,
164AP12,MEXICO NORTE,,,,HACER NN,,,CEM,4,"1,8","0,5",Malo,PODA,MANTENCION,3,NO,,,,,CONTROL DE REBROTES,,
164AP13,MEXICO NORTE,,,,ACER,,,CEM,22,6,2,Bueno,PODA,MANTENCION,3,NO,,,,,,,
163AP01,MEXICO NORTE,,,,FALSO ACACIO,,,CEM,42,7,"2,5",Bueno,PODA,MANTENCION,3,NO,,,,,,,
163AP02,MEXICO NORTE,,,,FALSO ACACIO,,,CEM,40,7,"2,5",Bueno,PODA,MANTENCION,3,NO,,,,,,,
163AP03,MEXICO NORTE,,,,AIlantus,,,CEM,57,8,"3,5",Regular,PODA,MANTENCION,2,NO,,,,,GANCHOS INSECTOS,,
163AP04,MEXICO NORTE,,,,FALSO ACACIO,,,CEM,24,5,2,Bueno,PODA,MANTENCION,3,NO,,,,,,,
163AP05,MEXICO NORTE,,,,FALSO ACACIO,,,CEM,30,6,2,Bueno,PODA,MANTENCION,3,NO,,,,,,,
163AP06,MEXICO NORTE,,,,FALSO ACACIO,,,CEM,37,6,"2,5",Bueno,PODA,MANTENCION,3,NO,,,,,,,
163AP07,MEXICO NORTE,,,,CIruelo rojo,,,CEM,10,4,"1,5",Regular,PODA,MANTENCION,3,NO,,,,,,,
163AP08,MEXICO NORTE,,,,CIruelo rojo,,,CEM,10,4,0,Malo,NO APLICA,CORTA,1,NO,,,,,EVALUAR ANTES,,
162AP01,MEXICO NORTE,,,,AIlantus,,,CEM,13,7,1,Bueno,PODA,MANTENCION,3,NO,,,,,,,
162AP02,MEXICO NORTE,,,,FALSO ACACIO,,,CEM,38,6,"2,5",Bueno,PODA,MANTENCION,3,NO,,,,,,,
162AP03,MEXICO NORTE,,,,FALSO ACACIO,,,CEM,28,6,2,Bueno,PODA,MANTENCION,2,NO,,,,,GANCHOS INSECTOS,,
162AP04,MEXICO NORTE,,,,AIlantus,,,CEM,48,8,3,Bueno,PODA,MANTENCION,3,NO,,,,,,,
162AP05,MEXICO NORTE,,,,FALSO ACACIO,,,CEM,11,"3,5",1,Bueno,PODA,MANTENCION,4,NO,,,,,,,
162AP06,MEXICO NORTE,,,,FALSO ACACIO,,,CEM,32,5,"2,5",Bueno,PODA,MANTENCION,3,NO,,,,,,,
162AP07,MEXICO NORTE,,,,PIMIENTO,,,CEM,15,"3,5","1,5",Bueno,PODA,MANTENCION,3,NO,,,,,,,
162AP08,MEXICO NORTE,,,,ACER,,,CEM,13,"1,8",0,Malo,NO APLICA,CORTA,1,NO,,,,,,,
162AP09,MEXICO NORTE,,,,AIlantus,,,CEM,17,7,2,Bueno,PODA,MANTENCION,3,NO,,,,,,,
162AP10,MEXICO NORTE,,,,AIlantus,,,CEM,39,8,3,Bueno,PODA,MANTENCION,3,NO,,,,,,,
161AP01,MEXICO NORTE,,,,AIlantus,,,CEM,29,5,2,Bueno,PODA,MANTENCION,3,NO,,,,,,,
161AP02,MEXICO NORTE,,,,AIlantus,,,CEM,15,5,2,Bueno,PODA,MANTENCION,3,NO,,,,,,,
161AP03,MEXICO NORTE,,,,AIlantus,,,CEM,10,5,"2,5",Bueno,PODA,MANTENCION,3,NO,,,,,,,
161AP04,MEXICO NORTE,,,,FALSO ACACIO,,,CEM,36,7,2,Bueno,PODA,MANTENCION,3,NO,,,,,,,
161AP05,MEXICO NORTE,,,,AIlantus,,,CEM,44,8,"3,5",Regular,PODA,MANTENCION,2,NO,,,,,GANCHOS INSECTOS,,
161AP06,MEXICO NORTE,,,,AIlantus,,,CEM,49,8,"3,5",Bueno,PODA,MANTENCION,3,NO,,,,,,,
161AP07,MEXICO NORTE,,,,AIlantus,,,CEM,42,8,"3,5",REGULAR,PODA,MANTENCION,2,NO,,,,,GANCHOS INSECTOS,,
161AP08,MEXICO NORTE,,,,AIlantus,,,CEM,25,7,2,REGULAR,PODA,MANTENCION,2,NO,,,,,GANCHOS INSECTOS,,
161AP09,MEXICO NORTE,,,,CIruelo verde,,,CEM,7,3,1,Bueno,PODA,MANTENCION,3,NO,,,,,,,
161AP10,MEXICO NORTE,,,,AIlantus,,,CEM,29,7,"2,5",REGULAR,PODA,MANTENCION,2,NO,,,,,,,
154AP01,MEXICO NORTE,,,,FALSO ACACIO,,,CEM,34,5,"2,5",Malo,NO APLICA,CORTA,1,NO,,,,,EVALUACION ANTES,,
154AP02,MEXICO NORTE,,,,CIruelo verde,,,CEM,18,"2,5",1,Regular,PODA,MANTENCION,2,NO,,,,,,,
154AP03,MEXICO NORTE,,,,FRESNO,,,SePultura,6,"3,5",1,Regular,NO APLICA,EXTRACCION,2,NO,,,,,,,
154AP04,MEXICO NORTE,,,,CIruelo verde,,,CEM,12,3,0,Malo,NO APLICA,CORTA,1,NO,,,,,,,
154AP05,MEXICO NORTE,,,,AIlantus,,,CEM,47,8,3,Bueno,PODA,MANTENCION,3,NO,,,,,,,
154AP06,MEXICO NORTE,,,,ACER,,,CEM,9,4,1,Bueno,PODA,MANTENCION,3,NO,,,,,,,
154AP07,MEXICO NORTE,,,,CIruelo verde,,,CEM,18,4,"1,5",Bueno,PODA,MANTENCION,3,NO,,,,,,,
154AP08,MEXICO NORTE,,,,AIlantus,,,CEM,17,5,2,Bueno,PODA,MANTENCION,3,NO,,,,,,,
154AP09,MEXICO NORTE,,,,AIlantus,,,CEM,39,7,"3,5",Regular,PODA,MANTENCION,2,NO,,,,,PUDRICION CENTRAL,,
154AP10,MEXICO NORTE,,,,CIruelo verde,,,CEM,34,2,1,Regular,PODA,MANTENCION,3,NO,,,,,CONTROL DE REBROTES,,
154AP11,MEXICO NORTE,,,,AIlantus,,,CEM,41,7,3,Regular,PODA,MANTENCION,2,NO,,,,,,,
154AP12,MEXICO NORTE,,,,CIruelo verde,,,CEM,4,"3,5","1,5",Regular,PODA,MANTENCION,3,NO,,,,,CONTROL DE REBROTES,,
153O_AP01,MEXICO NORTE,,,,FALSO ACACIO,,,CEM,6,"1,8","0,5",Bueno,PODA,MANTENCION,4,NO,,,,,,,
153O_AP02,MEXICO NORTE,,,,ACER,,,CEM,11,4,1,Regular,PODA,MANTENCION,3,NO,,,,,,,
153O_AP03,MEXICO NORTE,,,,FALSO ACACIO,,,CEM,26,5,"0,5",Malo,NO APLICA,CORTA,1,NO,,,,,,,
153O_AP04,MEXICO NORTE,,,,CIruelo verde,,,CEM,16,4,"1,4",Regular,PODA,MANTENCION,3,NO,,,,,,,
153O_AP05,MEXICO NORTE,,,,CIruelo verde,,,CEM,15,4,"1,5",Regular,PODA,MANTENCION,3,NO,,,,,,,
153O_AP06,MEXICO NORTE,,,,FALSO ACACIO,,,CEM,28,6,"1,5",Regular,PODA,MANTENCION,1,NO,,,,,,,
153O_AP07,MEXICO NORTE,,,,FALSO ACACIO,,,CEM,35,5,2,Regular,PODA,MANTENCION,3,NO,,,,,,,
153P_AP01,MEXICO NORTE,,,,FALSO ACACIO,,,CEM,34,6,"2,5",Regular,PODA,MANTENCION,3,NO,,,,,,,
153P_AP02,MEXICO NORTE,,,,AIlantus,,,CEM,48,4,6,Regular,PODA,MANTENCION,2,NO,,,,,,,
153P_AP03,MEXICO NORTE,,,,PItosPoro,,,CEM,2,"1,8",1,Bueno,PODA,MANTENCION,1,NO,,,,,,,
153P_AP04,MEXICO NORTE,,,,FALSO ACACIO,,,CEM,34,6,2,Regular,PODA,MANTENCION,2,NO,,,,,,,
153P_AP05,MEXICO NORTE,,,,FALSO ACACIO,,,CEM,15,2,0,Malo,NO APLICA,CORTA,1,NO,,,,,,,
153P_AP06,MEXICO NORTE,,,,FALSO ACACIO,,,CEM,34,5,2,Regular,PODA,MANTENCION,2,NO,,,,,,,
153P_AP07,MEXICO NORTE,,,,ACER,,,CEM,2,"1,8",1,Regular,PODA,MANTENCION,3,NO,,,,,,,
153P_AP08,MEXICO NORTE,,,,FALSO ACACIO,,,CEM,22,6,"1,5",Regular,PODA,MANTENCION,3,NO,,,,,,,
153P_AP09,MEXICO NORTE,,,,ACER,,,CEM,23,5,2,Regular,PODA,MANTENCION,3,NO,,,,,,,
152O_AP01,MEXICO NORTE,,,,FALSO ACACIO,,,CEM,29,5,2,Regular,PODA,MANTENCION,3,NO,,,,,,,
152O_AP02,MEXICO NORTE,,,,FALSO ACACIO,,,CEM,32,6,2,Regular,PODA,MANTENCION,3,NO,,,,,,,
152O_AP03,MEXICO NORTE,,,,PIMIENTO,,,CEM,17,4,2,Malo,NO APLICA,CORTA,1,NO,,,,,,,
152O_AP04,MEXICO NORTE,,,,LIgustro,,,CEM,21,5,2,Bueno,PODA,MANTENCION,3,NO,,,,,,,
152O_AP05,MEXICO NORTE,,,,ACER,,,CEM,13,4,"1,5",Regular,PODA,MANTENCION,3,NO,,,,,,,
152O_AP06,MEXICO NORTE,,,,FALSO ACACIO,,,CEM,40,6,"2,5",Regular,PODA,MANTENCION,1,NO,,,,,,,
152O_AP07,MEXICO NORTE,,,,olivo,,,CEM,2,"1,5","0,5",Regular,PODA,MANTENCION,3,NO,,,,,,,
152O_AP08,MEXICO NORTE,,,,AIlantus,,,CEM,45,8,4,Regular,PODA,ALTURA,2,NO,,,,,,,
152O_AP09,MEXICO NORTE,,,,CIruelo verde,,,CEM,1,2,1,Regular,PODA,MANTENCION,2,NO,CONTROL REBROTES,,,,,,
152O_AP10,MEXICO NORTE,,,,AIlantus,,,CEM,45,8,"3,5",Regular,PODA,ALTURA,2,NO,,,,,,,
152O_AP11,MEXICO NORTE,,,,AIlantus,,,CEM,46,8,"3,5",Regular,PODA,ALTURA,2,NO,,,,,,,
152O_AP12,MEXICO NORTE,,,,ACER,,,CEM,11,5,"1,5",Bueno,PODA,MANTENCION,2,NO,,,,,,,
152O_AP13,MEXICO NORTE,,,,CIruelo verde,,,CEM,6,4,"1,5",Regular,PODA,MANTENCION,3,NO,CONTROL REBROTES,,,,,,
152P_AP01,MEXICO NORTE,,,,AIlantus,,,CEM,8,6,1,Bueno,PODA,ALTURA,1,NO,,,,,,,
152P_AP02,MEXICO NORTE,,,,ACER,,,CEM,5,3,1,Bueno,PODA,MANTENCION,1,NO,,,,,,,
152P_AP03,MEXICO NORTE,,,,FALSO ACACIO,,,CEM,31,8,2,Bueno,PODA,MANTENCION,3,NO,,,,,,,
59N_AP01,BAQUEDANO,346882,6301470,,AcacIa jaPonIca,Sophora japonica,Sj,CEM,29,6,"2,5",Regular,PODA,MANTENCION,1,SI,Daño físIco,,,,RAMAS SECAS,,
59N_AP02,BAQUEDANO,346874,6301473,,AcacIa jaPonIca,,,CEM,39,6,"2,5",Bueno,PODA,MANTENCION,1,NO,,,,,,,
59N_AP03,BAQUEDANO,346857,6301476,,AcacIa jaPonIca,,,CEM,26,4,"1,5",Malo,PODA,CORTA,2,NO,,,,,pudriciòn mitad de fuste,,
59N_AP04,BAQUEDANO,346851,6301477,,AcacIa jaPonIca,,,CEM,34,6,2,Bueno,PODA,MANTENCION,3,NO,,,,,,,
59N_AP05,BAQUEDANO,346835,6301481,,AcacIa jaPonIca,,,CEM,6,"2,5","1,5",Bueno,PODA,MANTENCION,3,NO,,,,,,,
59N_AP06,BAQUEDANO,346812,6301487,,AcacIa jaPonIca,,,CEM,23,6,"2,6",Bueno,PODA,MANTENCION,3,NO,,,,,,,
59N_AP07,CAFFARENA SN,346801,6301500,,Palmera canarIa,,,CEM,35,3,"1,5",Bueno,PODA,MANTENCION,4,NO,,,,,,,
59N_AP08,CAFFARENA SN,346802,6301501,,jacaranda,,,CEM,34,7,5,Bueno,PODA,MANTENCION,3,NO,,,,,,,
59N_AP09,ARTESANOS,346811,6301498,,jacaranda,,,CEM,27,7,4,Bueno,PODA,MANTENCION,3,NO,,,,,,,
59N_AP10,ARTESANOS,346818,6301497,,jacaranda,,,CEM,44,8,5,Bueno,PODA,MANTENCION,3,NO,,,,,,,
59N_AP11,ARTESANOS,346823,6301497,,jacaranda,,,CEM,35,8,5,Bueno,PODA,MANTENCION,3,NO,,,,,,,
59N_AP12,ARTESANOS,346830,6301495,,jacaranda,,,CEM,49,8,5,Bueno,PODA,MANTENCION,3,NO,,,,,,,
59N_AP13,ARTESANOS,346839,6301494,,jacaranda,,,CEM,45,8,5,Malo,NO APLICA,CORTA,1,NO,,,,,,,
59N_AP14,ARTESANOS,346847,6301492,,granado de flor,,,CEM,3,"2,5","1,5",Regular,PODA,FORMACION,2,SI,,,,,REBROTES,20,
59N_AP15,ARTESANOS,346866,6301482,,MORERA,,,CEM,14,4,"1,5",Bueno,PODA,MANTENCION,3,NO,,,,,,,
59N_AP16,ARTESANOS,346882,6301483,,LIgustro,,,CEM,9,4,"0,5",Bueno,PODA,FORMACION,2,NO,,,,,REBROTES,,
59N_AI01,BAQUEDANO,346887,6301473,,Palmera canarIa,,,SePultura,60,6,2,Bueno,PODA,MANTENCION,4,SI,,,,,,,
59N_AI02,BAQUEDANO,346881,6301474,,Palmera canarIa,,,SePultura,60,6,2,Bueno,PODA,MANTENCION,4,SI,,,,,,,
59N_AI03,BAQUEDANO,346876,6301477,,BugambIlIa,,,SePultura,26,5,2,Regular,PODA,MANTENCION,3,SI,,,,,,,
59N_AI04,BAQUEDANO,346872,6301478,,BugambIlIa,,,SePultura,36,"3,5","0,5",Regular,PODA,MANTENCION,3,SI,,,,,,,
59N_AI05,BAQUEDANO,346865,6301478,,Palmera canarIa,,,INDETERMINADO,25,"1,8","0,5",Regular,NO APLICA,EXTRACCION,3,NO,,,,,,,
59N_AI06,BAQUEDANO,346864,6301480,,CeltIs,,,INDETERMINADO,2,2,"0,5",Regular,NO APLICA,CORTA,2,NO,,,,,REBROTES,5,
59N_AI07,BAQUEDANO,346865,6301482,,Palmera canarIa,,,INDETERMINADO,40,"2,5",1,Bueno,PODA,MANTENCION,3,NO,,,,,,,
59N_AI08,BAQUEDANO,346865,6301482,,AIlantus,,,INDETERMINADO,4,3,"0,2",Bueno,NO APLICA,CORTA,1,NO,,,,,,,
59N_AI09,BAQUEDANO,346842,6301484,,LIgustro,,,SePultura,15,4,1,Bueno,PODA,FORMACION,3,SI,,,,,REBROTES,,
59N_AI10,BAQUEDANO,346842,6301486,,LIgustro,,,SePultura,12,4,1,Bueno,PODA,FORMACION,3,SI,,,,,REBROTES,,
59N_AI11,BAQUEDANO,346843,6301488,,CIruelo rojo,,,SePultura,6,3,1,Regular,PODA,FORMACION,2,SI,,,,,REBROTES,5,
59N_AI12,BAQUEDANO,346844,6301490,,LIgustro,,,SePultura,1,"0,5",1,Regular,PODA,FORMACION,3,SI,,,,,,,
59N_AI13,BAQUEDANO,346843,6301492,,PItosPoro,,,SePultura,3,"2,5",1,Regular,PODA,FORMACION,3,SI,,,,,REBROTES,10,
59N_AI14,BAQUEDANO,346842,6301492,,CRESPON,,,SePultura,2,"2,5","0,5",Bueno,PODA,FORMACION,3,SI,,,,,,,
59N_AI15,BAQUEDANO,346841,6301492,,PItosPoro,,,SePultura,3,"1,5",1,Bueno,PODA,FORMACION,3,SI,,,,,REBROTES,10,
59N_AI16,BAQUEDANO,346842,6301493,,CIruelo rojo,,,SePultura,2,"0,7",1,Bueno,PODA,FORMACION,3,SI,,,,,,,
59N_AI17,BAQUEDANO,346827,6301490,,LAUREL,,,SePultura,4,"3,5","0,5",Regular,PODA,FORMACION,3,SI,,,,,REBROTES,4,
59N_AI18,BAQUEDANO,346819,6301493,,MaIten,,,SePultura,6,"2,5",1,Regular,PODA,FORMACION,3,NO,,,,,,,
59N_AI19,ARTESANOS,346854,6301491,,jacaranda,,,SePultura,31,7,4,Bueno,PODA,MANTENCION,3,SI,,,,,,,
59N_AI20,ARTESANOS,346855,6301490,,Peumo,,,SePultura,25,8,4,Bueno,PODA,MANTENCION,3,SI,,,,,,,
59N_AI21,ARTESANOS,346857,6301490,,jacaranda,,,SePultura,30,8,"4,5",Bueno,PODA,MANTENCION,3,SI,,,,,,,
59N_AI22,ARTESANOS,346858,6301490,,Peumo,,,SePultura,14,3,0,Malo,NO APLICA,CORTA,1,SI,,,,,,,
59N_AI23,ARTESANOS,346858,6301490,,Peumo,,,SePultura,1,0,0,Regular,PODA,FORMACION,3,SI,,,,,REBROTES,,
59N_AI24,ARTESANOS,346863,6301487,,CeltIs,,,SePultura,1,"1,8","0,5",Regular,NO APLICA,CORTA,3,SI,,,,,REBROTES,2,
59N_AI25,ARTESANOS,346864,6301485,,MaIten,,,SePultura,8,"1,8",1,Bueno,PODA,FORMACION,3,SI,,,,,REBROTES,2,
59N_AI26,ARTESANOS,346871,6301484,,jacaranda,,,SePultura,40,6,4,Bueno,PODA,MANTENCION,3,SI,,,,,,,
59N_AI27,ARTESANOS,346877,6301484,,jacaranda,,,SePultura,26,7,4,Bueno,PODA,MANTENCION,3,SI,,,,,,,
59N_AI28,ARTESANOS,346879,6301480,,CIruelo verde,,,SePultura,8,3,1,Regular,PODA,FORMACION,3,SI,,,,,,,
59N_AI29,ARTESANOS,346879,6301480,,ARAUCARIA BRA,,,SePultura,57,10,0,Malo,NO APLICA,CORTA,1,SI,,,,,,,
59N_AI30,ARTESANOS,346881,6301479,,LIgustro,,,SePultura,1,"1,8","0,5",Regular,PODA,FORMACION,3,SI,,,,,,,
59N_AI31,ARTESANOS,346888,6301479,,Palmera canarIa,,,SePultura,80,4,2,Bueno,PODA,MANTENCION,3,SI,,,,,,,
59N_AI32,BAQUEDANO,346816,6301489,,AIlantus,,,SePultura,1,"0,5",0,Regular,NO APLICA,CORTA,1,NO,,,,,,,
59N_AI33,BAQUEDANO,346811,6301490,,HEDERA,,,SePultura,0,0,0,Bueno,PODA,MANTENCION,4,NO,,,,,,,
59P_AP01,BAQUEDANO,346783,6301497,,AcacIa jaPonIca,,,CEM,36,4,1,Regular,PODA,CORTA,2,SI,,,,,,,
59P_AP02,ValdIvIeso,346781,6301527,,Palmera canarIa,,,CEM,15,"0,5","0,5",Regular,PODA,MANTENCION,3,NO,,,,,,,
59P_AP03,ValdIvIeso,346785,6301547,,Palmera canarIa,,,CEM,30,"1,8",1,Bueno,PODA,MANTENCION,3,NO,,,,,,,
59P_AP04,ValdIvIeso,346790,6301570,,LIgustro,,,CEM,34,6,"0,5",Malo,NO APLICA,CORTA,1,SI,,,,,,,
59P_AP05,PRIMERA TILO,346807,6301572,,AIlantus,,,CEM,24,5,"2,5",Regular,PODA,CORTA,2,NO,,,,,SEMILLERO,,
59P_AP06,CAFFARENA SN,346809,6301551,,jacaranda,,,CEM,20,6,"2,5",Regular,NO APLICA,CORTA,1,NO,,,,,,,
59P_AP07,CAFFARENA SN,346803,6301553,,olivo,,,CEM,45,6,3,Regular,PODA,MANTENCION,2,NO,,,,,QUINTRAL,,
59P_AP08,CAFFARENA SN,346802,6301529,,olivo,,,CEM,54,6,3,Regular,PODA,MANTENCION,2,NO,TRAMPA,,,,QUINTRAL,,
59P_AP09,CAFFARENA SN,346798,6301529,,olivo,,,SePultura,38,5,3,Bueno,PODA,MANTENCION,3,SI,,,,,,,
59P_AP10,CAFFARENA SN,346796,6301507,,MaIten,,,SePultura,1,"1,5","0,3",Bueno,PODA,FORMACION,4,NO,,,,,,,
59P_AI01,BAQUEDANO,346791,6301495,,PALMITO,,,SePultura,23,8,"1,5",Regular,PODA,MANTENCION,4,SI,,,,,,,
59P_AI02,BAQUEDANO,346787,6301496,,PALMITO,,,SePultura,22,7,"1,5",Regular,PODA,MANTENCION,4,SI,,,,,,,
59P_AI03,BAQUEDANO,346783,6301501,,AIlantus,,,INDETERMINADO,23,6,"2,5",Regular,PODA,CORTA,3,NO,,,,,,,
59P_AI04,BAQUEDANO,346782,6301502,,jacaranda,,,INDETERMINADO,36,7,3,Bueno,PODA,MANTENCION,3,NO,,,,,,,
59P_AI05,BAQUEDANO,346782,6301503,,AIlantus,,,INDETERMINADO,18,5,2,Regular,NO APLICA,CORTA,2,NO,,,,,,,
59P_AI06,BAQUEDANO,346782,6301504,,AIlantus,,,INDETERMINADO,17,5,2,Regular,NO APLICA,CORTA,2,NO,,,,,,,
59P_AI07,BAQUEDANO,346782,6301505,,AIlantus,,,INDETERMINADO,12,6,2,Regular,NO APLICA,CORTA,2,NO,,,,,,,
59P_AI08,BAQUEDANO,346782,6301506,,AIlantus,,,INDETERMINADO,10,4,2,Regular,NO APLICA,CORTA,2,NO,,,,,,,
59P_AI09,ValdIvIeso,346785,6301502,,AIlantus,,,SePultura,1,3,"0,2",Regular,NO APLICA,CORTA,2,NO,,,,,,REGENERACION,5
59P_AI10,ValdIvIeso,346787,6301509,,AIlantus,,,SePultura,13,5,2,Bueno,NO APLICA,CORTA,2,NO,,,,,,,
59P_AI11,ValdIvIeso,346790,6301508,,AIlantus,,,SePultura,12,5,2,Bueno,NO APLICA,CORTA,2,NO,,,,,,,
59P_AI12,ValdIvIeso,346791,6301508,,AIlantus,,,SePultura,13,5,2,Bueno,NO APLICA,CORTA,2,NO,,,,,,,
59P_AI13,CAFFARENA SN,346793,6301504,,jacaranda,,,INDETERMINADO,33,7,3,Bueno,PODA,MANTENCION,3,NO,,,,,,,
59P_AI14,ValdIvIeso,346790,6301503,,AIlantus,,,SePultura,6,5,"1,5",Bueno,NO APLICA,CORTA,2,NO,,,,,,,
59P_AI15,ValdIvIeso,346789,6301504,,AIlantus,,,SePultura,6,5,"1,5",Bueno,NO APLICA,CORTA,2,NO,,,,,,,
59P_AI16,ValdIvIeso,346791,6301515,,AIlantus,,,SePultura,1,1,"0,2",Regular,NO APLICA,CORTA,1,NO,,,,,,,
59P_AI17,ValdIvIeso,346795,6301521,,Palmera canarIa,,,SePultura,67,7,2,Bueno,PODA,MANTENCION,4,SI,,,,,,,
59P_AI18,ValdIvIeso,346784,6301524,,Palmera canarIa,,,SePultura,73,7,2,Bueno,PODA,MANTENCION,4,SI,,,,,,,
59P_AI19,ValdIvIeso,346787,6301533,,Palmera canarIa,,,SePultura,72,7,2,Bueno,PODA,MANTENCION,4,SI,,,,,,,
59P_AI20,ValdIvIeso,346797,6301530,,Palmera canarIa,,,SePultura,69,7,2,Bueno,PODA,MANTENCION,4,SI,,,,,,,
59P_AI21,ValdIvIeso,346800,6301537,,AIlantus,,,SePultura,1,"1,5","0,2",Regular,NO APLICA,CORTA,1,NO,,,,,,REBROTES,5
59P_AI22,ValdIvIeso,346801,6301539,,AIlantus,,,SePultura,6,5,"0,5",Regular,NO APLICA,CORTA,1,NO,,,,,,,
59P_AI23,ValdIvIeso,346802,6301514,,AIlantus,,,SePultura,6,5,"0,5",Regular,NO APLICA,CORTA,1,NO,,,,,,,
59P_AI24,ValdIvIeso,346797,6301545,,AIlantus,,,SePultura,2,4,"0,5",Regular,NO APLICA,CORTA,1,NO,,,,,,REBROTES,20
59P_AI25,CAFFARENA SN,346800,6301546,,AROMO CHILENO,,,SePultura,26,5,3,Regular,PODA,MANTENCION,3,SI,,,,,,,
59P_AI26,CAFFARENA SN,346802,6301551,,AROMO CHILENO,,,SePultura,20,6,3,Bueno,PODA,MANTENCION,3,SI,,,,,,,
59P_AI27,CAFFARENA SN,346802,6301552,,AROMO CHILENO,,,SePultura,20,5,3,Regular,PODA,MANTENCION,3,SI,,,,,,FLECHA,3
59P_AI28,CAFFARENA SN,346799,6301552,,THUJA,,,SePultura,2,"2,5","0,2",Regular,PODA,FORMACION,1,SI,,,,,SOMBRIO,,
59P_AI29,CAFFARENA SN,346799,6301549,,THUJA,,,SePultura,2,2,"0,2",Regular,PODA,FORMACION,1,SI,,,,,SOMBRIO,,
59P_AI30,CAFFARENA SN,346804,6301557,,BOLDO,,,SePultura,1,"1,2","0,5",Regular,PODA,FORMACION,1,SI,,,,,RIEGO,,
59P_AI31,CAFFARENA SN,346804,6301558,,BOLDO,,,SePultura,1,"2,2","0,5",Regular,PODA,MANTENCION,1,SI,,,,,DAÑO HERBICIDA,REBROTE,6
59P_AI32,CAFFARENA SN,346804,6301560,,BOLDO,,,SePultura,1,3,"0,5",Regular,PODA,MANTENCION,1,SI,,,,,DAÑO HERBICIDA,REBROTE,6
59P_AI33,ValdIvIeso,346796,6301558,,olivillo,,,SePultura,1,"1,8","0,5",Regular,PODA,MANTENCION,1,SI,,,,,RIEGO,REBROTE,6
59P_AI34,ValdIvIeso,346795,6301560,,olivillo,,,SePultura,1,"1,8","0,5",Bueno,NO APLICA,CORTA,1,SI,,,,,,REBROTE,6
59P_AI35,ValdIvIeso,346792,6301560,,olivillo,,,SePultura,1,"1,8","0,5",Regular,PODA,MANTENCION,1,SI,,,,,RIEGO,REBROTE,6
59P_AI36,ValdIvIeso,346798,6301558,,AIlantus,,,SePultura,1,"1,8","0,5",Regular,NO APLICA,CORTA,1,SI,,,,,,,20
59P_AI37,ValdIvIeso,346794,6301569,,olivillo,,,SePultura,1,"1,8","1,5",Regular,PODA,MANTENCION,1,SI,,,,,RIEGO,REBROTE,10
59P_AI38,PRIMERA TILO,346798,6301568,,olivillo,,,SePultura,1,"1,8","1,5",Regular,PODA,MANTENCION,1,SI,,,,,RIEGO,REBROTE,10
59P_AI39,PRIMERA TILO,346801,6301569,,olivillo,,,SePultura,1,"1,8","1,5",Regular,PODA,MANTENCION,1,SI,,,,,RIEGO,REBROTE,10
59P_AI40,PRIMERA TILO,346801,6301567,,olivillo,,,SePultura,1,"1,5",1,Regular,PODA,MANTENCION,1,SI,,,,,RIEGO,REBROTE,10
59P_AI41,ValdIvIeso,346803,6301556,,BOLDO,,,SePultura,1,"1,5","0,5",Regular,PODA,MANTENCION,1,SI,,,,,RIEGO,REBROTE,2
59P_AI42,ValdIvIeso,346797,6301558,,CIruelo verde,,,SePultura,1,"1,5","0,5",Regular,NO APLICA,EXTRACCION,1,SI,,,,,,,
59P_AI43,ValdIvIeso,346799,6301558,,AROMO CHILENO,,,SePultura,1,"0,5","0,5",Regular,NO APLICA,EXTRACCION,1,SI,,,,,,,
59P_AI44,ValdIvIeso,346789,6301505,,ilan ilan,,,INDETERMINADO,4,2,"1,2",Regular,PODA,MANTENCION,1,NO,,,,,,,
59P_AI45,ValdIvIeso,346790,6301506,,MOLLE,,,SePultura,1,"0,5","0,5",Regular,NO APLICA,EXTRACCION,1,NO,,,,,,,
59O_AP01,NICOLAS VICUÑA,346843,6301501,,TECOMA,,,CEM,258,5,"2,5",Regular,PODA,MANTENCION,1,NO,HELADAS,,,,ABONO,,
59O_AP02,NICOLAS VICUÑA,346844,6301506,,jacaranda,,,CEM,7,"3,5",1,Regular,PODA,MANTENCION,1,NO,,,,,ABONO,,
59O_AP03,NICOLAS VICUÑA,346845,6301513,,TECOMA,,,CEM,35,5,2,Regular,PODA,MANTENCION,1,NO,,,,,parasito pohenix,,
59O_AP04,NICOLAS VICUÑA,346849,6301526,,TECOMA,,,CEM,31,5,2,Regular,PODA,MANTENCION,1,NO,,,,,RIEGO,,
59O_AP05,NICOLAS VICUÑA,346851,6301533,,PIMIENTO,,,CEM,33,4,"2,5",Bueno,PODA,MANTENCION,3,NO,,,,,RIEGO,,
59O_AP06,NICOLAS VICUÑA,346852,6301539,,CIruelo verde,,,CEM,13,"2,4","1,5",Regular,PODA,MANTENCION,1,NO,GANCHOS SECOS,HONGO VERDE,INSECTOS,,,,
59O_AP07,NICOLAS VICUÑA,346853,6301546,,CIruelo verde,,,CEM,17,"3,5","1,5",Regular,PODA,MANTENCION,1,NO,,,,,,,
59O_AP08,NICOLAS VICUÑA,346855,6301551,,CIruelo rojo,,,CEM,29,4,2,Regular,PODA,MANTENCION,1,NO,PUDRICIÒN,,INSECTOS,,,,
59O_AP09,PRIMERA TILO,346855,6301562,,CIruelo verde,,,CEM,7,3,"0,5",Regular,PODA,MANTENCION,3,SI,,,,,,,
59O_AP10,PRIMERA TILO,346855,6301562,,Palmera canarIa,,,CEM,40,3,"1,5",Bueno,PODA,MANTENCION,3,SI,,,,,,,
59O_AP11,PRIMERA TILO,346854,6301561,,CassuarIna,,,CEM,15,6,1,Bueno,PODA,ALTURA,3,SI,,,,,,,
59O_AP12,PRIMERA TILO,346850,6301563,,CassuarIna,,,CEM,35,8,2,Bueno,PODA,MANTENCION,3,SI,,,,,,,
59O_AP13,PRIMERA TILO,346848,6301564,,CIruelo rojo,,,CEM,8,"2,5",o,Malo,NO APLICA,CORTA,1,SI,,,insectos,,,,
59O_AP14,PRIMERA TILO,346844,6301564,,MORERA,,,CEM,26,4,"2,5",Bueno,PODA,FORMACION,1,SI,,,,,,,
59O_AP15,PRIMERA TILO,346840,6301565,,TECOMA,,,CEM,3,3,"1,1",Malo,PODA,MANTENCION,1,SI,daño heladas,HONGO VERDE,insectos,,rebrotes,2,
59O_AP16,PRIMERA TILO,346839,6301565,,Magnolio,,,CEM,2,"2,2","1,5",Regular,PODA,MANTENCION,1,SI,clorosis,,,,flecha,2,
59O_AP17,PRIMERA TILO,346835,6301566,,ACER,,,CEM,13,4,2,Regular,PODA,MANTENCION,1,SI,,,,,,,
59O_AP18,PRIMERA TILO,346830,6301567,,AIlantus,,,CEM,7,4,2,Regular,PODA,MANTENCION,3,SI,,,,,flecha,3,
59O_AP19,CAFFARENA SN,346823,6301550,,CIruelo rojo,,,CEM,10,3,"1,5",Regular,PODA,MANTENCION,2,NO,,,,,injertado,,
59O_AP20,CAFFARENA SN,346829,6301551,,CIruelo verde,,,CEM,36,4,2,Bueno,PODA,MANTENCION,1,NO,,,,,,,
59O_AP21,CAFFARENA SN,346835,6301550,,MORERA,,,CEM,25,"4,5",3,Bueno,PODA,MANTENCION,1,NO,,,,exhudación,,,
59O_AP22,CAFFARENA SN,346838,6301549,,Palmera canarIa,,,CEM,60,3,"1,5",Bueno,PODA,MANTENCION,3,NO,,,,,,,
59O_AP23,CAFFARENA SN,346843,6301548,,AIlantus,,,CEM,16,4,2,Bueno,PODA,MANTENCION,3,NO,,,,,semillero,,
59O_AP24,CAFFARENA SN,346843,6301548,,LIgustro,,,CEM,2,2,"0,5",Regular,PODA,MANTENCION,3,NO,,,,,,,
59O_AP25,CAFFARENA SN,346849,6301547,,MORERA,,,CEM,24,4,2,Regular,PODA,MANTENCION,3,NO,,,,,,,
59O_AP26,CAFFARENA SN,346821,6301567,,CIruelo verde,,,CEM,1,"1,8","0,5",Regular,PODA,MANTENCION,3,NO,,,,,rebrote,2,
59O_AP27,CAFFARENA SN,346820,6301565,,CIruelo verde,,,CEM,17,"3,5","1,5",Regular,PODA,MANTENCION,2,NO,,,,,,,
59O_AP28,CAFFARENA SN,346820,6301562,,Grevillea,,,CEM,17,5,2,Regular,PODA,ALTURA,1,NO,boro,,,,fumigar,,
59O_AP29,CAFFARENA SN,346820,6301561,,CIruelo rojo,,,CEM,5,3,"1,5",Regular,PODA,MANTENCION,3,NO,,,,,,,
59O_AP30,CAFFARENA SN,346819,6301559,,MORERA,,,CEM,22,"3,5",2,Bueno,PODA,MANTENCION,3,NO,,,,,,,
59O_AP31,CAFFARENA SN,346817,6301552,,ACER,,,CEM,3,3,1,Regular,PODA,MANTENCION,3,NO,,,,,,,
59O_AP32,CAFFARENA SN,346816,6301546,,MORERA,,,CEM,33,"3,5",2,Regular,PODA,MANTENCION,2,NO,,,,,,,
59O_AP33,CAFFARENA SN,346815,6301542,,MORERA,,,CEM,15,"3,5",2,Regular,PODA,MANTENCION,2,NO,,,,,,,
59O_AP34,CAFFARENA SN,346836,6301536,,Higuera blanca,,,CEM,13,2,2,Bueno,PODA,MANTENCION,2,NO,,,,,,,
59O_AP35,CAFFARENA SN,,,,ACER,,,CEM,27,4,2,Bueno,PODA,MANTENCION,3,NO,,,,,,,
59O_AP36,CAFFARENA SN,,,,ACER,,,CEM,27,4,2,Bueno,PODA,MANTENCION,3,NO,,,,,,,
59O_AP37,CAFFARENA SN,,,,ACER,,,CEM,10,4,1,Bueno,PODA,MANTENCION,3,NO,,,,,,,
59O_AP38,CAFFARENA SN,,,,Palmera canarIa,,,CEM,80,4,2,Bueno,PODA,MANTENCION,3,NO,,,,,,,
59O_AP39,CAFFARENA SN,,,,CIruelo verde,,,CEM,26,4,3,Bueno,PODA,MANTENCION,3,NO,,,,,,,
59O_AP40,CAFFARENA SN,,,,ACER,,,CEM,15,4,2,Malo,NO APLICA,CORTA,1,NO,,,,,,,
59O_AP41,CAFFARENA SN,,,,DURAZNO,,,CEM,1,"1,8","0,3",Regular,PODA,MANTENCION,2,NO,,,,,,,
59O_AP42,CAFFARENA SN,,,,ACER,,,CEM,12,4,1,Malo,NO APLICA,CORTA,1,NO,,,,,,,
59O_AP43,CAFFARENA SN,,,,CIruelo verde,,,CEM,15,4,2,Malo,NO APLICA,CORTA,1,NO,,,,,,,
59O_AP44,CAFFARENA SN,,,,CIruelo verde,,,CEM,21,4,2,Bueno,PODA,MANTENCION,1,NO,GANCHOS SECOS,,,,,,
59O_AP45,CAFFARENA SN,,,,OLIVO-PARRON,,,CEM,18,5,"1,5",Bueno,PODA,ALTURA,1,NO,,,,,,,
59O_AI01,CAFFARENA SN,,,,Palmera canarIa,,,CEM,30,2,"1,5",Bueno,PODA,EXTRACCION,3,NO,,,,,,,
59O_AI02,CAFFARENA SN,,,,LIgustro,,,SePultura,7,2,"0,5",Bueno,PODA,MANTENCION,3,NO,PARRON,,,,,REBROTES,3
59O_AI03,CAFFARENA SN,,,,Palmera canarIa,,,SePultura,80,4,2,Bueno,PODA,MANTENCION,3,NO,,,,,,,
59O_AI04,CAFFARENA SN,,,,Peumo,,,SePultura,20,6,2,Bueno,PODA,MANTENCION,3,NO,,,,,,,
59O_AI05,CAFFARENA SN,,,,MORERA,,,SePultura,20,4,2,Bueno,PODA,MANTENCION,3,NO,,,,,,,
59O_AI06,CAFFARENA SN,,,,BugambIlIa,,,SePultura,13,4,2,Bueno,PODA,MANTENCION,3,NO,,,,,,,
59O_AI07,CAFFARENA SN,,,,BugambIlIa,,,SePultura,16,4,2,Bueno,PODA,MANTENCION,3,NO,,,,,,,
59O_AI08,CAFFARENA SN,,,,CeltIs,,,CEM,24,6,2,Bueno,PODA,MANTENCION,3,NO,,,,,,,
59O_AI09,CAFFARENA SN,,,,Palmera canarIa,,,CEM,20,2,1,Regular,NO APLICA,EXTRACCION,3,NO,,,,,,,
59O_AI10,CAFFARENA SN,,,,HEDERA,,,CEM,8,5,4,Bueno,PODA,MANTENCION,3,NO,,,,,,,
59O_AI11,CAFFARENA SN,,,,AIlantus,,,CEM,1,3,"0,2",Bueno,NO APLICA,CORTA,1,NO,,,,,,REGE,3
59O_AI12,CAFFARENA SN,,,,AIlantus,,,CEM,10,6,"1,5",Bueno,NO APLICA,CORTA,1,NO,,,,,,,
59O_AI13,CAFFARENA SN,,,,AIlantus,,,SePultura,2,3,"0,2",Bueno,NO APLICA,CORTA,1,NO,,,,,,,
59O_AI14,CAFFARENA SN,,,,PIMIENTO,,,SePultura,0,0,0,Bueno,NO APLICA,CORTA,3,SI,,,,,,,
59O_AI15,CAFFARENA SN,,,,AIlantus,,,CEM,2,3,0,Bueno,NO APLICA,CORTA,1,NO,,,,,,,
59O_AI16,CAFFARENA SN,,,,AIlantus,,,CEM,28,6,3,Bueno,NO APLICA,CORTA,1,NO,,,,,,,
59O_AI17,CAFFARENA SN,,,,MORERA,,,SePultura,"0,5","0,5","0,5",Regular,NO APLICA,CORTA,1,NO,,,,,,,
59O_AI18,CAFFARENA SN,,,,AIlantus,,,SePultura,8,6,1,Bueno,NO APLICA,CORTA,1,NO,,,,,,,
59O_AI19,CAFFARENA SN,,,,AIlantus,,,CEM,10,6,2,Bueno,NO APLICA,CORTA,1,NO,,,,,,,
59O_AI20,CAFFARENA SN,,,,AIlantus,,,CEM,1,4,"0,2",Bueno,NO APLICA,CORTA,1,NO,,,,,,,
59O_AI21,CAFFARENA SN,,,,JAZMIN,,,CEM,0,0,0,Bueno,PODA,MANTENCION,1,NO,,,,,,,
59O_AI22,CAFFARENA SN,,,,TAXUS,,,SePultura,6,3,1,Regular,PODA,MANTENCION,1,SI,,,,,,,
59O_AI23,CAFFARENA SN,,,,TAXUS,,,SePultura,6,3,1,Regular,PODA,MANTENCION,1,SI,,,,,,,
59O_AI24,CAFFARENA SN,,,,CIruelo verde,,,SePultura,6,3,1,Bueno,PODA,MANTENCION,3,SI,,,,,,REB,4
59O_AI25,CAFFARENA SN,,,,AIlantus,,,CEM,8,7,3,Bueno,NO APLICA,CORTA,1,NO,,,,,,,
59O_AI26,CAFFARENA SN,,,,AIlantus,,,CEM,20,7,3,Bueno,NO APLICA,CORTA,1,NO,,,,,,,
59O_AI27,CAFFARENA SN,,,,AIlantus,,,CEM,20,7,3,Bueno,NO APLICA,CORTA,1,NO,,,,,,,
59O_AI28,CAFFARENA SN,,,,AIlantus,,,CEM,20,7,3,Bueno,NO APLICA,CORTA,1,NO,,,,,,,
59O_AI29,CAFFARENA SN,,,,AIlantus,,,CEM,10,6,2,Bueno,NO APLICA,CORTA,1,NO,,,,,,,
59O_AI30,CAFFARENA SN,,,,AIlantus,,,SePultura,9,5,1,Bueno,NO APLICA,CORTA,1,NO,,,,,,,
59O_AI31,CAFFARENA SN,,,,BugambIlIa,,,SePultura,10,5,2,Regular,PODA,FORMACION,1,SI,,,,,,,
59O_AI32,CAFFARENA SN,,,,CIruelo verde,,,SePultura,1,"1,8","0,5",Regular,NO APLICA,CORTA,1,SI,,,,,,,
59O_AI33,CAFFARENA SN,,,,AIlantus,,,SePultura,4,5,"0,5",Bueno,NO APLICA,CORTA,1,SI,,,,,,,
59O_AI34,CAFFARENA SN,,,,BugambIlIa,,,SePultura,10,5,2,Regular,PODA,FORMACION,1,SI,,,,,,,
59O_AI35,CAFFARENA SN,,,,CIruelo verde,,,SePultura,10,4,2,Bueno,PODA,MANTENCION,3,SI,,,,,,,
59O_AI36,CAFFARENA SN,,,,AIlantus,,,CEM,5,5,1,Bueno,NO APLICA,CORTA,1,NO,,,,,,,
59O_AI37,CAFFARENA SN,,,,AIlantus,,,CEM,5,5,1,Bueno,NO APLICA,CORTA,1,NO,,,,,,,
59O_AI38,CAFFARENA SN,,,,AIlantus,,,CEM,6,5,1,Bueno,NO APLICA,CORTA,1,NO,,,,,,,
59O_AI39,CAFFARENA SN,,,,AIlantus,,,CEM,8,5,1,Bueno,NO APLICA,CORTA,1,NO,,,,,,,
59O_AI40,CAFFARENA SN,,,,AIlantus,,,CEM,16,5,2,Bueno,NO APLICA,CORTA,1,NO,,,,,,,
59O_AI41,CAFFARENA SN,,,,AIlantus,,,CEM,1,"1,3","0,2",Bueno,NO APLICA,CORTA,1,NO,,,,,,REG,7
59O_AI42,CAFFARENA SN,,,,LIgustro,,,SePultura,1,1,"0,5",Bueno,NO APLICA,CORTA,1,NO,,,,,,REB,4
004AP01,SAN JUAN,,,,Naranjo,,,CEM,15,4,2,Bueno,PODA,MANTENCION,3,SI,,HONGO,,,CLOROSIS,FLECHA,3
004AP02,SAN JUAN,,,,CassuarIna,,,CEM,43,8,2,Bueno,PODA,ALTURA,3,NO,,,,,,,
004AP03,SAN JUAN,,,,CIPRES,,,CEM,15,6,"0,5",Regular,PODA,MANTENCION,2,NO,sombra,,,,,,
004AP04,SAN JUAN,,,,CassuarIna,,,CEM,36,7,2,Regular,PODA,ALTURA,3,NO,,,,,,,
004AP05,SAN JUAN,,,,CassuarIna,,,CEM,36,7,2,Bueno,PODA,ALTURA,2,SI,,,,,,,
004AP06,SAN JUAN,,,,OLMO,,,CEM,73,10,2,Regular,PODA,ALTURA,1,SI,,,,,,,
004AP07,Echaurren,,,,LIgustro,,,CEM,15,4,"1,5",Regular,PODA,MANTENCION,2,NO,,,,,,,
004AP08,Echaurren,,,,LIgustro,,,CEM,23,"4,2",1,Bueno,PODA,MANTENCION,3,NO,,,,,,,
004AI01,administracion poniente,,,,ACER,,,CEM,8,5,"0,5",Bueno,PODA,MANTENCION,3,NO,,,,,riego,,
004AI02,administracion poniente,,,,AIlantus,,,CEM,1,"1,8","0,1",Bueno,NO APLICA,CORTA,1,NO,,,,,,,5
004AI03,administracion poniente,,,,Coralillo,,,CEM,14,"3,2","1,5",Bueno,PODA,MANTENCION,3,SI,,,,,,,
004AI04,administracion poniente,,,,AIlantus,,,CEM,2,3,0,Malo,NO APLICA,CORTA,1,NO,,,,,,,
004AI05,administracion poniente,,,,Palmera canarIa,,,SePultura,20,"1,5","0,3",Bueno,NO APLICA,EXTRACCION,2,SI,,,,,,,
004AI06,administracion poniente,,,,AIlantus,,,SePultura,1,"1,5",0,Bueno,NO APLICA,CORTA,1,NO,,,,,,,10
004AI07,administracion poniente,,,,ACER,,,SePultura,30,5,"2,5",Regular,PODA,FORMACION,1,NO,,,,,,,
004AI08,administracion poniente,,,,Palmera canarIa,,,SePultura,100,5,"2,5",Bueno,PODA,MANTENCION,3,NO,,,,,,,
004AI09,administracion poniente,,,,jacaranda,,,SePultura,30,6,"2,5",Bueno,PODA,MANTENCION,3,NO,,,,,,,
004AI10,administracion poniente,,,,LAUREL,,,SePultura,1,2,"0,3",Regular,PODA,MANTENCION,3,NO,,,,,,,
004AI11,administracion poniente,,,,jacaranda,,,SePultura,28,6,"2,5",Regular,PODA,MANTENCION,3,NO,,,,,,,
004AI12,administracion poniente,,,,AIlantus,,,SePultura,10,3,"0,2",Bueno,NO APLICA,CORTA,1,NO,,,,,,,
004AI13,administracion poniente,,,,LAUREL,,,SePultura,1,1,"0,2",Regular,PODA,MANTENCION,2,NO,,,,,,,2
004AI14,administracion poniente,,,,Palmera canarIa,,,SePultura,20,"1,5","0,5",Bueno,PODA,EXTRACCION,2,NO,,,,,,,2
004AI15,administracion poniente,,,,MORERA,,,SePultura,6,4,"0,8",Bueno,PODA,MANTENCION,2,NO,,,,,,,2
004AI16,administracion poniente,,,,CeltIs,,,SePultura,8,5,1,Bueno,PODA,MANTENCION,2,NO,,,,,,,2
004AI17,SAN JUAN,,,,MORERA,,,CEM,14,5,"2,5",Bueno,PODA,FORMACION,2,NO,,,,,,,7
004AI18,SAN JUAN,,,,AIlantus,,,CEM,10,5,"1,5",Bueno,NO APLICA,CORTA,1,NO,,,,,,,
004AI19,SAN JUAN,,,,AIlantus,,,CEM,10,5,"1,5",Bueno,NO APLICA,CORTA,1,NO,,,,,,,
004AI20,SAN JUAN,,,,AIlantus,,,CEM,10,5,"1,5",Bueno,NO APLICA,CORTA,1,NO,,,,,,,
004AI21,SAN JUAN,,,,AIlantus,,,CEM,10,5,"1,5",Bueno,NO APLICA,CORTA,1,NO,,,,,,,
004AI22,SAN JUAN,,,,AIlantus,,,CEM,10,5,"1,5",Bueno,NO APLICA,CORTA,1,NO,,,,,,,
004AI23,SAN JUAN,,,,CeltIs,,,CEM,1,3,"0,2",Bueno,NO APLICA,CORTA,1,NO,,,,,,,
004AI24,SAN JUAN,,,,AIlantus,,,CEM,10,6,2,Bueno,NO APLICA,CORTA,1,NO,,,,,,,
004AI25,SAN JUAN,,,,AIlantus,,,CEM,10,6,2,Bueno,NO APLICA,CORTA,1,NO,,,,,,,
004AI26,SAN JUAN,,,,CIruelo rojo,,,CEM,1,3,1,Bueno,NO APLICA,CORTA,2,NO,,,,,,,
004AI27,SAN JUAN,,,,CIruelo rojo,,,CEM,1,3,1,Bueno,NO APLICA,CORTA,2,NO,,,,,,,
004AI28,SAN JUAN,,,,MaIten,,,CEM,9,"3,5",1,Bueno,PODA,MANTENCION,3,NO,,,,,,,
004AI29,SAN JUAN,,,,PIMIENTO,,,CEM,51,7,3,Bueno,PODA,ALTURA,3,NO,,,,,,,
004AI30,SAN JUAN,,,,Palmera canarIa,,,CEM,20,"1,2","0,5",Bueno,PODA,EXTRACCION,3,NO,,,,,,,
004AI31,SAN JUAN,,,,laurentina,,,CEM,8,3,"1,5",Bueno,PODA,MANTENCION,3,NO,,,,,,,
004AI32,SAN JUAN,,,,MORERA,,,CEM,4,4,3,Regular,PODA,MANTENCION,2,NO,,,,,,rebr,10
004AI33,SAN JUAN,,,,laurel,,,CEM,1,3,"0,5",Bueno,PODA,MANTENCION,2,NO,,,,,,rebr,3
004AI34,SAN JUAN,,,,CRESPON,,,CEM,8,4,"0,5",Bueno,PODA,ALTURA,1,NO,,,,,,flecha,2
004AI35,SAN JUAN,,,,LIgustro,,,CEM,13,5,1,Bueno,PODA,MANTENCION,3,NO,,,,,,,
004AI36,SAN JUAN,,,,CassuarIna,,,CEM,36,8,2,Regular,PODA,MANTENCION,2,NO,GANCHOS SECOS,,,,,,
004AI37,SAN JUAN,,,,AIlantus,,,CEM,15,6,2,Regular,NO APLICA,CORTA,1,NO,,,,,,rebr,4
004AI38,SAN JUAN,,,,nispero,,,CEM,1,"1,5","0,5",Bueno,NO APLICA,EXTRACCION,2,NO,,,,,,,
004AI39,SAN JUAN,,,,LIgustro,,,CEM,1,"1,5","0,5",Bueno,NO APLICA,EXTRACCION,2,NO,,,,,,,
004AI40,SAN JUAN,,,,AIlantus,,,CEM,1,"1,5","0,5",Bueno,NO APLICA,CORTA,1,NO,,,,,,,
004AI41,SAN JUAN,,,,CeltIs,,,CEM,1,"1,5","0,5",Bueno,NO APLICA,CORTA,2,NO,,,,,,rebr,2
004AI42,SAN JUAN,,,,Coralillo,,,CEM,1,1,"0,5",Bueno,NO APLICA,EXTRACCION,2,NO,,,,,,,
004AI43,SAN JUAN,,,,Coralillo,,,CEM,1,1,"0,5",Bueno,NO APLICA,EXTRACCION,2,NO,,,,,,,
004AI44,SAN JUAN,,,,LIgustro,,,CEM,3,"2,5","0,5",Bueno,NO APLICA,CORTA,3,NO,,,,,,rebr,7
004AI45,SAN JUAN,,,,ACER,,,CEM,27,"4,5",2,Bueno,PODA,MANTENCION,3,NO,,,,,,,
004AI46,SAN JUAN,,,,Quillay,,,CEM,17,4,2,Bueno,PODA,MANTENCION,1,NO,,,,,,flecha,2
004AI47,SAN JUAN,,,,Cordyline,,,CEM,2,"1,5","0,5",Bueno,NO APLICA,MANTENCION,1,SI,,,,,abono,,
004AI48,SAN JUAN,,,,wachintonia f,,,CEM,10,"1,5","0,5",Bueno,PODA,MANTENCION,2,SI,,,,,,,
004AI49,SAN JUAN,,,,nispero,,,CEM,2,"1,5","0,5",Bueno,PODA,FORMACION,2,SI,,,,,,,
004AI50,SAN JUAN,,,,wachintonia f,,,CEM,20,"1,8",1,Bueno,PODA,MANTENCION,2,SI,,,,,,,
004AI51,SAN JUAN,,,,CassuarIna,,,CEM,38,8,"1,5",Bueno,PODA,ALTURA,3,NO,,,,,,,
004AI52,SAN JUAN,,,,CassuarIna,,,CEM,5,"3,5",1,Bueno,PODA,FORMACION,1,NO,,,,,,,
004AI53,SAN JUAN,,,,CIruelo verde,,,CEM,3,"3,5",1,Bueno,PODA,MANTENCION,2,NO,,,,,,rebr,4
004AI54,SAN JUAN,,,,CassuarIna,,,CEM,28,8,"1,5",Bueno,PODA,FORMACION,1,NO,,,,,,,
004AI55,SAN JUAN,,,,CassuarIna,,,CEM,52,8,2,Bueno,PODA,ALTURA,3,NO,,,,,,,
004AI56,SAN JUAN,,,,Palmera canarIa,,,CEM,10,"0,5","0,5",Bueno,PODA,EXTRACCION,3,NO,,,,,,,
004AI57,SAN JUAN,,,,Palmera canarIa,,,CEM,10,"0,5","0,5",Bueno,PODA,EXTRACCION,3,NO,,,,,,,
004AI58,SAN JUAN,,,,Laurel,,,CEM,1,1,"0,5",Bueno,PODA,MANTENCION,3,NO,,,,,,rebr,4
004AI59,SAN JUAN,,,,LIgustro,,,CEM,6,"3,5",2,Bueno,PODA,MANTENCION,3,NO,,,,,,,
004AI60,SAN JUAN,,,,Palmera canarIa,,,CEM,40,"1,2",1,Bueno,PODA,EXTRACCION,3,NO,,,,,,,
004AI61,SAN JUAN,,,,LIgustro,,,SePultura,6,"1,8",1,Bueno,PODA,MANTENCION,3,NO,,,,,,,
004AI62,SAN JUAN,,,,CIruelo rojo,,,CEM,8,"2,2",1,Bueno,PODA,MANTENCION,3,NO,,,,,,,
004AI63,SAN JUAN,,,,Coralillo,,,SePultura,6,"1,8",1,Bueno,PODA,MANTENCION,3,NO,,,,,,,
004AI64,SAN JUAN,,,,Coralillo,,,SePultura,1,"0,5","0,5",Bueno,PODA,MANTENCION,3,NO,,,,,,rebr,2
004AI65,SAN JUAN,,,,Coralillo,,,SePultura,1,"0,5","0,5",Bueno,PODA,MANTENCION,3,NO,,,,,,rebr,4
004AI66,SAN JUAN,,,,Coralillo,,,SePultura,1,"0,5","0,5",Bueno,PODA,MANTENCION,3,NO,,,,,,rebr,3
004AI67,SAN JUAN,,,,AIlantus,,,SePultura,1,"1,5","0,2",Bueno,NO APLICA,CORTA,1,NO,,,,,,rebr,5
004AI68,SAN JUAN,,,,LIgustro,,,SePultura,1,"1,5","0,2",Bueno,NO APLICA,CORTA,1,NO,,,,,,rebr,7
004AI69,SAN JUAN,,,,espino,,,CEM,30,4,"2,5",Bueno,PODA,MANTENCION,3,NO,henrredadera,,,,,,
004AI70,SAN JUAN,,,,CIPRES,,,CEM,37,8,2,Bueno,PODA,MANTENCION,3,NO,,,,,,,
004AI71,SAN JUAN,,,,CIPRES,,,CEM,46,8,2,Bueno,PODA,MANTENCION,3,NO,,,,,,,
004AI72,SAN JUAN,,,,PIMIENTO,,,CEM,32,5,2,Bueno,PODA,MANTENCION,3,NO,,,,,,,
004AI73,SAN JUAN,,,,Palmera canarIa,,,SePultura,5,"0,5","0,5",Bueno,PODA,EXTRACCION,1,NO,,,,,,,
004AI74,SAN JUAN,,,,CeltIs,,,CEM,16,"4,5",1,Bueno,NO APLICA,CORTA,3,NO,,,,,,,
004AI75,SAN JUAN,,,,LIquIdambar,,,CEM,6,"4,5",1,Bueno,PODA,MANTENCION,3,NO,,,,,,,
004AI76,SAN JUAN,,,,Palmera canarIa,,,SePultura,5,"0,5","0,5",Bueno,PODA,EXTRACCION,3,NO,,,,,,,
004AI77,SAN JUAN,,,,Palmera canarIa,,,SePultura,5,"0,8","0,5",Bueno,PODA,EXTRACCION,3,NO,,,,,,,
004AI78,SAN JUAN,,,,acer japonico,,,CEM,8,"3,5","2,5",Regular,PODA,FORMACION,1,NO,abono,,insectos,,,,
004AI79,SAN JUAN,,,,CeltIs,,,CEM,20,"4,5","1,5",Regular,PODA,MANTENCION,3,NO,,,,,,,
004AI80,SAN JUAN,,,,laurel,,,CEM,6,3,"0,5",Bueno,PODA,MANTENCION,3,NO,,,,,,,
004AI81,SAN JUAN,,,,nispero,,,CEM,6,"1,8","0,5",Bueno,PODA,MANTENCION,3,NO,,,,,,,
004AI82,SAN JUAN,,,,BugambIlIa,,,CEM,20,3,1,Regular,PODA,MANTENCION,2,NO,riego,,,,,,
004AI83,SAN JUAN,,,,BugambIlIa,,,CEM,20,3,1,Regular,PODA,MANTENCION,2,NO,riego,,,,,,
004AI84,SAN JUAN,,,,Palmera canarIa,,,CEM,10,"0,5","0,5",Regular,PODA,EXTRACCION,1,NO,,,,,,,
004AI85,SAN JUAN,,,,Palmera canarIa,,,CEM,20,"1,5",1,Regular,PODA,EXTRACCION,1,NO,,,,,,,
004AI86,SAN JUAN,,,,MaIten,,,CEM,20,4,"1,5",Regular,PODA,MANTENCION,3,NO,,,,,,,
004AI87,SAN JUAN,,,,AIlantus,,,CEM,1,"1,8","0,5",Bueno,NO APLICA,CORTA,1,NO,,,,,,rebr,8
004AI88,SAN JUAN,,,,AIlantus,,,SePultura,8,4,"0,2",Bueno,NO APLICA,CORTA,1,NO,,,,,,,
004AI89,SAN JUAN,,,,AIlantus,,,CEM,10,5,"0,2",Bueno,NO APLICA,CORTA,1,NO,,,,,,,
004AI90,SAN JUAN,,,,AIlantus,,,CEM,20,6,2,Bueno,NO APLICA,CORTA,1,NO,,,,,,,
004AI91,SAN JUAN,,,,Coralillo,,,SePultura,1,"1,8",1,Bueno,NO APLICA,CORTA,1,NO,,,,,,rebr,5
004AI92,SAN JUAN,,,,Coralillo,,,SePultura,1,1,1,Bueno,NO APLICA,CORTA,1,NO,,,,,,,
004AI93,SAN JUAN,,,,CassuarIna,,,CEM,30,8,"1,5",Bueno,PODA,MANTENCION,3,NO,,,,,,,
004AI94,SAN JUAN,,,,AIlantus,,,CEM,1,"1,8","0,2",Bueno,NO APLICA,CORTA,1,NO,,,,,,rebr,5
004AI95,SAN JUAN,,,,CIruelo rojo,,,CEM,4,2,"1,5",Bueno,PODA,MANTENCION,3,NO,,,,,,rebr,4
004AI96,SAN JUAN,,,,AIlantus,,,CEM,20,4,"1,5",Bueno,PODA,MANTENCION,3,NO,,,,,,,
013AP01,Echaurren,,,,Palmera canarIa,,,CEM,100,"4,5",2,Bueno,PODA,MANTENCION,3,NO,,,,,,,
013AP02,SAN JUAN,,,,Naranjo,,,CEM,20,"3,5",1,Bueno,PODA,MANTENCION,3,NO,,,,,,,
013AP03,HERMANAS,,,,CIPRES,,,CEM,59,10,2,Bueno,PODA,MANTENCION,3,SI,,,,,,,
013AP04,HERMANAS,,,,CIPRES,,,CEM,17,5,1,Bueno,PODA,MANTENCION,3,SI,,,,,,,
013AP05,HERMANAS,,,,CIPRES,,,CEM,29,8,"1,5",Bueno,PODA,MANTENCION,3,SI,,,,,,,
013AP06,HERMANAS,,,,CIPRES,,,CEM,33,8,"1,5",Bueno,PODA,MANTENCION,3,SI,,,,,,,
013AP07,SazIe,,,,ALAMO,,,CEM,27,12,1,Bueno,PODA,ALTURA,2,SI,,,,,,,
013AP08,SazIe,,,,LIgustro,,,CEM,12,4,2,Bueno,PODA,SANITARIA,1,SI,,,,,,,
013AP09,SazIe,,,,CIruelo rojo,,,CEM,25,4,2,Regular,PODA,SANITARIA,2,SI,,,GANCHOS INSECTO,,,,
013AP10,SazIe,,,,CIruelo rojo,,,CEM,2,2,"0,2",Malo,NO APLICA,CORTA,1,SI,,,INSECTOS,,,,
013AP11,SazIe,,,,CRESPON,,,CEM,2,"1,7","0,5",Bueno,PODA,FORMACION,3,SI,,,,,,,2
013AP12,SazIe,,,,LIgustro,,,CEM,1,"1,2","0,2",Regular,PODA,FORMACION,1,SI,FUMIGAR,,,VIRUS,,,
013AP13,SazIe,,,,LIgustro,,,CEM,1,"1,2","0,2",Regular,PODA,FORMACION,1,SI,FUMIGAR,,,VIRUS,,,
013AP14,SazIe,,,,CIPRES,,,CEM,41,12,2,Bueno,PODA,ALTURA,3,SI,,,,,,,
013AP15,SazIe,,,,CIPRES,,,CEM,38,10,2,Regular,PODA,ALTURA,3,SI,,,,,,,
013AI01,Echaurren,,,,AIlantus,,,SePultura,1,"1,5","0,2",Bueno,NO APLICA,CORTA,1,NO,HERBICIDA,,,,,,5
013AI01,Echaurren,,,,CIPRES,,,SePultura,67,14,"2,5",Bueno,PODA,ALTURA,3,SI,DESENSO COPA,,,,,,
013AI02,Echaurren,,,,CIPRES,,,SePultura,49,10,2,Bueno,PODA,MANTENCION,3,SI,,,,,,,
013AI03,Echaurren,,,,CassuarIna,,,CEM,21,6,"1,5",Regular,PODA,FORMACION,2,NO,GANCHOS SECOS,,,,,,
013AI04,Echaurren,,,,DURAZNO,,,CEM,5,2,1,Bueno,PODA,MANTENCION,3,NO,,,,,,,
013AI05,SAN JUAN,,,,CRESPON,,,CEM,3,"1,8",1,Bueno,PODA,MANTENCION,3,NO,,,,,,,3
013AI06,SAN JUAN,,,,AIlantus,,,CEM,3,"0,5","0,1",Bueno,NO APLICA,CORTA,1,NO,HERBICIDA,,,,,,2
013AI07,SAN JUAN,,,,Grevillea,,,CEM,30,7,2,Regular,PODA,MANTENCION,1,NO,,EXUDACION,,,,,
013AI08,SAN JUAN,,,,PIMIENTO,,,SePultura,57,7,4,Regular,PODA,MANTENCION,1,NO,GANCHOS SECOS,,,VIRUS,,,
013AI09,SAN JUAN,,,,LIgustro,,,CEM,10,4,"2,5",Regular,PODA,FORMACION,2,NO,,,,,,,6
013AI10,SAN JUAN,,,,LAUREL,,,CEM,2,"1,5","0,5",Regular,PODA,FORMACION,1,NO,FUMIGAR,,CONCHUELA,,,,6
013AI11,SAN JUAN,,,,FALSO ACACIO,,,CEM,1,"1,2","0,2",Bueno,NO APLICA,EXTRACCION,1,NO,,,,,,,
013AI12,SAN JUAN,,,,CIruelo rojo,,,CEM,16,"3,2",2,Bueno,PODA,FORMACION,1,NO,,,,,,,
013AI13,SAN JUAN,,,,ilan ilan,,,CEM,3,2,1,Bueno,PODA,MANTENCION,4,NO,,,,,,,5
013AI14,SAN JUAN,,,,granado de flor,,,CEM,3,2,1,Bueno,PODA,MANTENCION,4,NO,,,,,,,5
013AI15,SAN JUAN,,,,enredadera,,,CEM,3,2,1,Bueno,PODA,MANTENCION,4,NO,,,,,,,5
013AI16,SAN JUAN,,,,AIlantus,,,CEM,22,5,2,Bueno,PODA,CORTA,1,NO,,,,,,,
013AI17,SAN JUAN,,,,CIruelo verde,,,CEM,8,"2,5",1,Bueno,PODA,FORMACION,3,NO,,,,,,,5
013AI18,SAN JUAN,,,,CassuarIna,,,CEM,44,10,2,Bueno,PODA,ALTURA,2,SI,rebrotes,,,,,,
013AI19,SAN JUAN,,,,LIgustro,,,CEM,12,4,2,Bueno,PODA,FORMACION,2,NO,,,,,,,2
013AI20,SAN JUAN,,,,CassuarIna,,,CEM,29,8,2,Bueno,PODA,ALTURA,2,SI,,,,,,,
013AI21,SAN JUAN,,,,CIruelo rojo,,,CEM,30,4,2,Malo,NO APLICA,CORTA,1,NO,,,insectos,,,,
013AI22,SAN JUAN,,,,Palmera canarIa,,,CEM,20,"1,5","0,5",Bueno,PODA,MANTENCION,3,NO,,,,,,,
013AI23,SAN JUAN,,,,Palmera canarIa,,,CEM,40,"3,5",1,Bueno,PODA,MANTENCION,3,NO,,,,,,,
013AI24,SAN JUAN,,,,laurel,,,CEM,1,"0,5","0,5",Malo,NO APLICA,CORTA,2,NO,,,,,,,2
013AI25,SAN JUAN,,,,CIPRES,,,CEM,30,8,2,Bueno,PODA,FORMACION,1,NO,,,,,,,
013AI26,SAN JUAN,,,,CIPRES,,,CEM,34,8,2,Bueno,PODA,FORMACION,1,NO,forma,,,,,,
013AI27,SAN JUAN,,,,olmo,,,CEM,10,4,2,Regular,PODA,MANTENCION,2,NO,FUMIGAR,,,,,,
013AI28,SAN JUAN,,,,Palmera canarIa,,,CEM,30,2,"1,5",Bueno,PODA,MANTENCION,3,NO,,,,,,,
013AI29,SAN JUAN,,,,AIlantus,,,CEM,1,"1,2",0,Bueno,NO APLICA,CORTA,1,NO,,,,,,,5
013AI30,SAN JUAN,,,,LIgustro,,,CEM,10,"3,5",1,Bueno,PODA,FORMACION,2,SI,plazoleta,,,,,,
013AI31,SAN JUAN,,,,Palmera canarIa,,,CEM,30,"1,5","0,5",Bueno,PODA,MANTENCION,3,SI,,,,,,,
013AI32,SAN JUAN,,,,Palmera canarIa,,,CEM,30,1,"0,5",Bueno,PODA,MANTENCION,3,SI,,,,,,,
013AI33,SAN JUAN,,,,CIruelo rojo,,,CEM,1,"1,8","0,2",Bueno,PODA,FORMACION,4,SI,injertado,,,,,,
013AI34,Echaurren,,,,CIruelo rojo,,,CEM,6,3,2,Bueno,PODA,MANTENCION,3,NO,,,,,,,4
013AI35,Echaurren,,,,CIPRES,,,CEM,16,5,1,Bueno,PODA,FORMACION,2,NO,,,,,,,
013AI36,Echaurren,,,,MaIten,,,CEM,3,"1,5","0,5",Regular,NO APLICA,CORTA,1,NO,virus,clorosis,,,,,
013AI37,SazIe,,,,CIruelo rojo,,,CEM,16,"3,2",2,Regular,PODA,SANITARIA,1,NO,insectos,,,,,,
013AI38,SazIe,,,,CIruelo rojo,,,CEM,1,"1,8","0,5",Regular,NO APLICA,CORTA,1,NO,,,,,,,
013AI39,SazIe,,,,acer,,,CEM,20,4,1,Regular,PODA,SANITARIA,1,NO,insectos,,,,,,
013AI40,SazIe,,,,olmo,,,CEM,3,3,"1,5",Regular,PODA,MANTENCION,2,NO,,,,,,,
013AI41,SazIe,,,,Palmera canarIa,,,CEM,40,3,"1,5",Bueno,PODA,MANTENCION,2,NO,,,,,,,
013AI42,SazIe,,,,laurel,,,CEM,2,3,1,Regular,PODA,FORMACION,2,NO,FUMIGAR,,,,,,
013AI43,SazIe,,,,olmo,,,CEM,20,2,1,Regular,PODA,FORMACION,2,NO,desmochado,,,,,,
013AI44,SazIe,,,,olmo,,,CEM,30,5,2,Regular,PODA,MANTENCION,2,NO,,,,,,,
014AP01,Echaurren,,,,CIPRES,,,CEM,42,10,2,Bueno,PODA,ALTURA,3,NO,GANCHOS SECOS,,,,,,
014AP02,SazIe,,,,CIPRES,,,CEM,40,12,"1,5",Bueno,PODA,ALTURA,3,NO,GANCHOS SECOS,,,,,,
014AP03,SazIe,,,,CIPRES,,,CEM,47,12,"1,5",Bueno,PODA,ALTURA,3,NO,GANCHOS SECOS,,,,,,
014AP04,SazIe,,,,olmo,,,CEM,56,8,2,Malo,NO APLICA,CORTA,1,NO,SECO,,,,,,
014AP05,HERMANAS,,,,PEUMO,,,CEM,5,"1,7","0,5",Regular,PODA,FORMACION,1,SI,FUMIGAR,BACTERIAS VIRUS,,INSE,,,
014AP06,HERMANAS,,,,olmo,,,CEM,90,10,2,Malo,NO APLICA,CORTA,1,SI,SECO,,,,,,
014AP07,HERMANAS,,,,PEUMO,,,CEM,8,"1,8","0,5",Regular,PODA,FORMACION,1,SI,FUMIGAR,BACTERIAS VIRUS,,INSE,,,
014AP08,ROMERO,,,,CIPRES,,,CEM,29,10,1,Regular,PODA,MANTENCION,3,SI,GANCHOS SECOS,,,,,,
014AP09,ROMERO,,,,CIPRES,,,CEM,45,12,2,Bueno,PODA,MANTENCION,3,SI,GANCHOS SECOS,,,,,,
014AP10,ROMERO,,,,olmo,,,CEM,41,10,3,Regular,PODA,MANTENCION,1,SI,GANCHOS SECOS,,,,,,
014AP11,ROMERO,,,,Palmera canarIa,,,CEM,5,"0,5","0,5",Bueno,PODA,MANTENCION,3,SI,DESPEJAR,,,,,,
014AP12,ROMERO,,,,Palmera canarIa,,,CEM,10,"0,8","0,5",Bueno,PODA,MANTENCION,1,SI,DESPEJAR,,,,,,
014AP13,ROMERO,,,,CIPRES,,,CEM,45,10,2,Bueno,PODA,MANTENCION,3,SI,GANCHOS SECOS,,,,,,
014AP14,ROMERO,,,,olmo,,,CEM,72,10,"2,5",Regular,PODA,MANTENCION,1,SI,GANCHOS SECOS,,,,,,
014AP15,ROMERO,,,,Palmera canarIa,,,CEM,10,"0,8","0,5",Bueno,PODA,MANTENCION,1,SI,DESPEJAR,,,,,,
